word	word_with_punct	word_index_in_text	word_index_in_sent	sent_index_in_text	word_limit_char_indices	text_id	text_id_numeric	text_domain	text_domain_numeric	word_length	STTS_punctuation_before	STTS_punctuation_after	is_in_quote	is_in_parentheses	is_clause_beginning	is_sent_beginning	is_clause_end	is_sent_end	is_abbreviation	is_expert_technical_term	is_general_technical_term	contains_symbol	contains_hyphen	contains_abbreviation	STTS_PoS_tag	type	type_length_chars	PoS_tag	lemma	lemma_length_chars	syllables	type_length_syllables	annotated_type_frequency_normalized	type_frequency_normalized	lemma_frequency_normalized	familiarity_normalized	regularity_normalized	document_frequency_normalized	sentence_frequency_normalized	cumulative_syllable_corpus_frequency_normalized	cumulative_syllable_lexicon_frequency_normalized	cumulative_character_corpus_frequency_normalized	cumulative_character_lexicon_frequency_normalized	cumulative_character_bigram_corpus_frequency_normalized	cumulative_character_bigram_lexicon_frequency_normalized	cumulative_character_trigram_corpus_frequency_normalized	cumulative_character_trigram_lexicon_frequency_normalized	initial_letter_frequency_normalized	initial_bigram_frequency_normalized	initial_trigram_frequency_normalized	avg_cond_prob_in_bigrams	avg_cond_prob_in_trigrams	neighbors_coltheart_higher_freq_cum_freq_normalized	neighbors_coltheart_higher_freq_count_normalized	neighbors_coltheart_all_cum_freq_normalized	neighbors_coltheart_all_count_normalized	neighbors_levenshtein_higher_freq_cum_freq_normalized	neighbors_levenshtein_higher_freq_count_normalized	neighbors_levenshtein_all_cum_freq_normalized	neighbors_levenshtein_all_count_normalized	sent_surprisal_gpt2-base	text_surprisal_gpt2-base	sent_surprisal_gpt2-large	text_surprisal_gpt2-large	sent_surprisal_llama-7b	text_surprisal_llama-7b	sent_surprisal_llama-13b	text_surprisal_llama-13b	sent_surprisal_bert-base	text_surprisal_bert-base
Wenn	Wenn	1	1	1	1,4	p1	7	physics	1	4			0	0	0	1	0	0	0	0	0	0	0	0	KOUS	Wenn	4.0	kous	wenn	4.0	wenn	1.0	502.87363428	503.127061729	2088.08685224	508.669765289	2.9966009983	1427.22069539	953.002428635	2101.8782105	31.2502675537	1731384.25988	3602743.17417	407457.627523	687914.708174	225220.704038	279920.204796	13240.8075713	4570.94826919	612.771221224	0.00890783789423	0.0206676372901	2249.96159144	0.856171713799	2509.25874703	17.123434276	2249.96159144	0.856171713799	2515.39005628	20.5481211312	4.611685276031494	4.61168909072876	4.716205596923828	4.7162065505981445	23.63135528564453	23.637226104736328	16.750608444213867	16.460329055786133	0.9464226961135864	2.064915895462036
ein	ein	2	2	1	5,7	p1	7	physics	1	3			0	0	0	0	0	0	0	0	0	0	0	0	ART	ein	3.0	art	eine	4.0	ein	1.0	4621.55200817	4999.44503476	17543.4333976	4999.44503476	0.428085856899	5809.23325181	8404.82933604	11022.7206128	11717.9941609	1614569.79583	3344143.78548	401662.305848	493686.589782	324158.412201	289382.186491	45007.5949345	21503.4825387	20569.6023896	0.0272545875843	0.196343258894	0.0	0.0	1145.39396797	31.6783534106	13165.4578681	0.428085856899	22077.4630101	57.7915906814	3.9155423641204834	3.915544033050537	3.918886661529541	3.918890953063965	7.558374881744385	7.809509754180908	6.244083404541016	6.303345680236816	0.0017414417816326	0.00133115821518
ruhendes	ruhendes	3	3	1	8,15	p1	7	physics	1	8			0	0	0	0	0	0	0	0	0	0	0	0	ADJA	ruhendes	8.0	adja	ruhend	6.0	ru-hen-des	3.0	0.359703475824	0.359703475824	7.7581499672	6.50736288081	5.56511613969	4.79060033786	0.682811008776	14063.1305924	14009.9658387	3234214.99135	6929830.30677	518841.517404	977817.018981	150671.74992	278863.260816	4443.89936651	505.792137482	149.121615966	0.00463499097727	0.156167895636	4.16929028796	0.856171713799	4.46359313181	2.1404292845	6.36021145888	1.2842575707	6.65451430274	2.5685151414	13.947380065917969	13.947380065917969	14.883590698242188	14.883610725402832	13.263408660888672	13.179258346557615	16.150634765625	16.109378814697266	2.3244222295470536	3.300208265078254
Atom	Atom	4	4	1	16,19	p1	7	physics	1	4			0	0	0	0	0	0	0	0	1	0	0	0	NN	Atom	4.0	nn	Atom	4.0	a-tom	2.0	3.0656546235	3.0656546235	10.6112525368	3.13923033446	1.7123434276	20.4230856509	5.40041434213	9726.23483485	36663.8413	522230.373775	1451030.83074	62763.8338135	119358.470535	52990.6822003	71550.698208	19822.5963712	307.162243116	70.9596856852	0.0116412412533	0.117839640387	27.8034436654	0.428085856899	28.1140966672	4.70894442589	32.8311172479	0.856171713799	36.648879139	8.56171713799	0.789513349533081	0.7895126938819885	1.4828081130981443	1.482826590538025	10.90403652191162	10.916011810302734	6.565469264984131	6.5766191482543945	0.0029319417662918	0.0013410394312813
ein	ein	5	5	1	20,22	p1	7	physics	1	3			0	0	0	0	0	0	0	0	0	0	0	0	ART	ein	3.0	art	eine	4.0	ein	1.0	4621.55200817	4999.44503476	17543.4333976	4999.44503476	0.428085856899	5809.23325181	8404.82933604	11022.7206128	11717.9941609	1614569.79583	3344143.78548	401662.305848	493686.589782	324158.412201	289382.186491	45007.5949345	21503.4825387	20569.6023896	0.0272545875843	0.196343258894	0.0	0.0	1145.39396797	31.6783534106	13165.4578681	0.428085856899	22077.4630101	57.7915906814	10.812312126159668	10.812302589416504	7.909442901611328	7.90944766998291	10.316487312316896	10.28307819366455	10.531840324401855	10.532211303710938	4.712865352630615	0.0790770128369331
Photon	Photon	6	6	1	23,28	p1	7	physics	1	6			0	0	0	0	0	0	0	1	0	0	0	0	NN	Photon	6.0	nn	Photon	6.0	pho-ton	2.0	0.04087539498	0.04087539498	0.277952685864	4.46359313181	15.4110908484	0.504273719775	0.0775921600881	529.687893387	3655.42513206	1203252.05133	3006413.15422	244396.839688	414859.716265	220143.358676	294427.178315	10343.3797233	496.832250902	50.0805339295	3.3684e-05	0.1006119042	2.4525236988	1.7123434276	2.46887385679	2.5685151414	4.4962934478	2.1404292845	4.54534392177	3.4246868552	10.84934425354004	10.849340438842772	7.20319128036499	7.203207969665527	6.653913974761963	6.649751663208008	3.9191622734069824	3.889474630355835	0.0285934477578848	0.0054486630251631
absorbiert	absorbiert,	7	7	1	29,38	p1	7	physics	1	10		$,	0	0	0	0	0	0	0	0	0	0	0	0	VVFIN	absorbiert	10.0	vvfin	absorbieren	11.0	ab-sor-biert	3.0	0.694881714659	1.80669245811	2.47704893579	46.1401458534	100.172090514	17.1453064724	3.41405504388	4645.44776408	13601.5719313	2886152.44379	7030717.72875	449131.539694	760763.3627	156919.79112	178832.010548	41334.1231877	4277.97796321	288.008033029	0.0600803138959	0.371036827896	0.0	0.0	0.228902211888	0.856171713799	0.0	0.0	0.425104107792	2.1404292845	6.657103538513184	6.657107830047607	4.646875381469727	4.646896839141846	1.9637072086334229	1.9659550189971924	0.713686466217041	0.7137985825538635	30.09487580947461	30.43098727508004
so	so	8	8	1	40,41	p1	7	physics	1	2			0	0	1	0	0	0	0	0	0	0	0	0	ADV	so	2.0	adv	so	2.0	so	1.0	2876.40154474	2881.65812053	3315.19890985	0.0	0.0	3533.31988603	5044.40599322	7559.98605233	8425.15774964	385490.57713	1127504.08822	67552.2555341	43642.0688533	67539.3225592	31723.3024255	48925.779496	8037.09183762	-0.00817507899599	0.0178285087072	0.131475681059	0.0	0.0	1397.905808	42.8085856899	0.0	0.0	1576.88281246	60.3601058228	0.3170735836029053	0.3170749843120575	0.0075977169908583	0.0075979535467922	10.54856300354004	10.560314178466797	6.52766752243042	6.5381388664245605	0.026580361649394	0.005162005778402
nimmt	nimmt	9	9	1	42,46	p1	7	physics	1	5			0	0	0	0	0	0	0	0	0	0	0	0	VVFIN	nimmt	5.0	vvfin	nehmen	6.0	nimmt	1.0	112.807915066	112.807915066	699.917563321	113.355645358	5.56511613969	530.748090063	212.090410385	185.222764812	33.8187826951	1334205.47801	2986087.63774	148533.558008	177340.559423	121337.82519	93346.6896121	21439.2836433	8395.39737493	135.57551007	0.0252030862967	0.17884876726	0.0	0.0	4.78242121266	5.56511613969	0.0	0.0	14.339088559	7.70554542419	6.360988140106201	6.360996246337891	4.358102798461914	4.358118534088135	4.405982494354248	4.425729274749756	4.090377807617188	4.073533058166504	0.002577556297183	0.0013873485149815
es	es	10	10	1	47,48	p1	7	physics	1	2			0	0	0	0	0	0	0	0	0	0	0	0	PPER	es	2.0	pper	es	2.0	es	1.0	4482.240487	4482.240487	7209.6675672	0.0	0.0	4656.84173369	7605.13349731	6486.72898142	1792.39548284	1041972.78488	2352798.39725	160713.918858	229470.714647	137226.941427	157414.447041	45007.5949345	4564.40820599	-0.00817507899599	0.0578338146002	0.220031352121	4943.65829569	0.428085856899	6564.72741013	38.0996412641	12044.7362886	0.856171713799	13944.1259674	66.3533078194	0.0710196495056152	0.0710190907120704	0.0852112248539924	0.0852145105600357	8.704726219177246	8.676212310791016	3.650012254714966	3.663693904876709	0.0001630650076549	4.291525328881107e-06
bei	bei	11	11	1	49,51	p1	7	physics	1	3			0	0	0	0	0	0	0	0	0	0	0	0	APPR	bei	3.0	appr	bei	3.0	bei	1.0	2135.91106436	2161.86694017	2489.87563473	2161.86694017	0.428085856899	4322.25612062	3715.43851209	5555.26048062	4566.8199214	1219263.07434	2569992.0376	157298.346328	245814.176491	54673.4895113	42554.7307768	20337.830725	14068.4280436	3488.24080696	0.0361569463119	0.220877330072	0.0	0.0	1512.16888713	28.2536665554	0.0	0.0	1895.89892012	38.0996412641	0.2250957190990448	0.2250925898551941	0.2035611420869827	0.2035634815692901	6.647796630859375	6.643647193908691	3.917194128036499	3.8876121044158936	0.0024898024275898	0.0022694326471537
der	der	12	12	1	52,54	p1	7	physics	1	3			0	0	0	0	0	0	0	0	0	0	0	0	ART	der	3.0	art	d	1.0	der	1.0	24738.5901996	26530.3631386	80100.3069113	26530.3631386	0.428085856899	9372.80956103	30912.3596552	38163.5169	19310.096833	1332151.97174	2710999.66609	487983.455471	535760.152056	398226.025843	178781.068331	110461.430317	53801.2331077	27238.2432288	0.129811235347	0.318759302208	0.0	0.0	25590.4497812	36.8153836934	0.0	0.0	33289.1996244	55.22307554	2.390315055847168	2.3903284072875977	1.8354638814926147	1.835444450378418	0.0061173108406364	0.0061046332120895	0.0019682336132973	0.0018625784432515	30.089645385742188	30.42732620239257
Absorption	Absorption	13	13	1	55,64	p1	7	physics	1	10			0	0	0	0	0	0	0	0	1	0	0	0	NN	Absorption	10.0	nn	Absorption	10.0	ab-sorp-ti-on	4.0	1.12816090145	1.12816090145	1.14451105944	59.8497533297	67.2094795332	7.1859005068	2.09498832238	17907.5677663	71726.2134094	2090898.01665	5287145.43789	308547.788205	585755.015026	243306.635678	357737.651863	19822.5963712	2837.67619554	632.791989685	0.0197971298905	0.134056031234	0.0	0.0	0.32700315984	0.856171713799	0.0	0.0	0.335178238836	1.2842575707	7.581745147705078	7.581752300262451	3.9686009883880615	3.968580961227417	1.9893031120300293	2.034268617630005	1.6067005395889282	1.5910431146621704	0.0183043136212219	0.0071979918211511
den	den	14	14	1	65,67	p1	7	physics	1	3			0	0	0	0	0	0	0	0	0	0	0	0	ART	den	3.0	art	d	1.0	den	1.0	9532.82881596	9841.63424996	80100.3069113	9841.63424996	0.428085856899	7940.04185472	15266.5057923	23354.2468477	22159.4362965	1464587.59747	2838670.7078	583323.017065	738089.367203	513926.807063	462012.089145	110461.430317	53801.2331077	11287.0372669	0.0645632931127	0.22424070987	26530.3631386	0.428085856899	39507.1238333	37.6715554072	26530.3631386	0.428085856899	40560.2456847	58.6477623952	0.588996410369873	0.5890013575553894	0.6270999312400818	0.6270951628684998	0.0165203753858804	0.0162329394370317	0.000174507178599	0.0001654488005442	0.4155449271202087	0.2735123038291931
Photonenimpuls	Photonenimpuls	15	15	1	68,81	p1	7	physics	1	14			0	0	0	0	0	0	0	1	0	0	0	0	NN	Photonenimpuls	14.0	nn	Photonenimpuls	14.0	pho-to-nen-im-puls	5.0																													14.987211227416992	14.987202644348145	10.9149169921875	10.914867401123049	6.619242668151856	6.563422679901123	4.890799045562744	4.881562232971191	0.3400216443624231	0.1096242870198693
auf	auf	16	16	1	82,84	p1	7	physics	1	3			0	0	0	0	0	0	0	0	0	0	0	0	PTKVZ	auf	3.0	ptkvz	auf	3.0	auf	1.0	499.309299838	5591.37797963	5914.8658555	5591.37797963	0.428085856899	6569.04767908	9351.09676518	8980.91288279	7572.83880855	489216.952266	1286948.94648	95233.9886234	112163.203452	83805.1382611	46267.0913278	41334.1231877	16266.7803613	7317.89743803	0.0692951484301	0.289895292654	0.0	0.0	3235.89246851	19.2638635605	0.0	0.0	3376.16047392	32.5345251244	1.5253465175628662	1.5253429412841797	1.7266963720321655	1.726712703704834	0.4109001755714416	0.4061524868011474	0.3063412308692932	0.2966940999031067	2.225715398788452	1.9436676502227783
und	und	17	17	1	85,87	p1	7	physics	1	3			0	0	0	0	0	0	0	0	0	0	0	0	KON	und	3.0	kon	und	3.0	und	1.0	22313.7473183	22313.7473183	23398.5884761	22313.7473183	0.428085856899	9064.0679761	29467.6401896	23513.5137367	723.037012303	869972.90787	1656300.13956	195202.966651	251153.263298	160187.509171	58920.0250002	32509.3788389	28906.6542257	22352.5789435	0.120238001286	0.419307858966	0.0	0.0	2201.34439665	22.6885504157	0.0	0.0	2454.42031712	42.8085856899	7.524056911468506	7.524065017700195	3.920961618423462	3.920942068099976	1.9723867177963257	1.971334457397461	4.162531852722168	4.148232936859131	1.0034005641937256	1.314087986946106
erfährt	erfährt	18	18	1	88,94	p1	7	physics	1	7			0	0	0	0	0	0	0	0	0	0	0	0	VVFIN	erfährt	7.0	vvfin	erfahren	8.0	er-fährt	2.0	18.5247290049	18.5247290049	134.153046324	167.540068944	19.2638635605	144.600489146	34.9164720397	18335.5985523	21988.2019538	2035397.09469	4801046.66992	344731.268272	557141.756351	155065.004672	116812.643944	45007.5949345	12349.7403108	736.043237404	0.0308242122087	0.216265079795	0.0	0.0	3.55615936326	2.1404292845	0.0	0.0	6.59728874977	3.8527727121	0.0219248514622449	0.0219247341156005	0.0072796568274497	0.007279775571078	8.184572219848633	8.187110900878906	6.224981307983398	6.191812992095947	0.0180584117770195	0.0068895169533789
deshalb	deshalb	19	19	1	95,101	p1	7	physics	1	7			0	0	0	0	0	0	0	0	0	0	0	0	PAV	deshalb	7.0	adv	deshalb	7.0	des-halb	2.0	165.962278698	165.962278698	217.7268789	167.016863888	21.8323787019	787.675550289	311.65667021	10235.2561285	8575.84397127	1961002.59234	4449537.66727	315376.276364	359601.96577	182559.340425	39411.7244154	110461.430317	53801.2331077	7725.99738151	0.0057240684191	0.139436768851	0.0	0.0	87.9147995229	2.5685151414	0.0	0.0	87.9883752339	5.13703028279	0.0357631370425224	0.0357623323798179	0.0403596237301826	0.0403589345514774	5.145760536193848	5.13521146774292	5.154078960418701	5.136444568634033	1.4185804502631072e-05	3.1709168979432434e-05
einen	einen	20	20	1	102,106	p1	7	physics	1	5			0	0	0	0	0	0	0	0	0	0	0	0	ART	einen	5.0	art	eine	4.0	ei-nen	2.0	1964.53688337	2019.39166343	17543.4333976	7303.86082739	14.1268332777	4198.07871713	3586.62000791	27432.3768297	26896.634389	2859514.55384	5933406.53601	624326.327506	955059.118657	461556.498907	499462.324164	45007.5949345	21503.4825387	20569.6023896	0.0187226863739	0.182841381842	2431.18674262	0.428085856899	5300.88472258	16.2672625622	7033.4700896	0.856171713799	11104.7330053	35.1030402658	4.199259281158447	4.199252128601074	4.017741680145264	4.017734527587891	0.5963624715805054	0.6000387668609619	0.3081529438495636	0.3138541579246521	1.1920928244535389e-07	1.1920928244535389e-07
Rückstoßimpuls	Rückstoßimpuls,	21	21	1	107,120	p1	7	physics	1	14		$,	0	0	0	0	1	0	0	0	1	0	0	0	NN	Rückstoßimpuls	14.0	nn	Rückstoßimpuls	14.0	rück-stoß-im-puls	4.0																													15.139453887939451	15.139449119567873	13.400187492370604	13.400188446044922	13.93543815612793	13.835256576538086	13.183931350708008	13.065282821655272	27.07904069776123	27.5468816947905
der	der	22	22	1	122,124	p1	7	physics	1	3			0	0	1	0	0	0	0	0	0	0	0	0	PRELS	der	3.0	prels	die	3.0	der	1.0	1728.17899944	26530.3631386	10789.1994813	26530.3631386	0.428085856899	9372.80956103	30912.3596552	38163.5169	19310.096833	1332151.97174	2710999.66609	487983.455471	535760.152056	398226.025843	178781.068331	110461.430317	53801.2331077	27238.2432288	0.129811235347	0.318759302208	0.0	0.0	25590.4497812	36.8153836934	0.0	0.0	33289.1996244	55.22307554	1.0901907682418823	1.090184450149536	0.2272414714097976	0.2272433787584304	0.9427385926246644	0.9577692747116088	0.7741807699203491	0.7898869514465332	1.4759948253631592	1.3930342197418213
zu	zu	23	23	1	125,126	p1	7	physics	1	2			0	0	0	0	0	0	0	0	0	0	0	0	APPR	zu	2.0	appr	zu	2.0	zu	1.0	2657.22767686	8897.95218113	9058.93583672	0.0	0.0	7088.44961045	13807.9438853	16158.8284432	13822.8923193	227861.336305	547892.533326	51760.5780638	28442.4524183	57219.5279387	16021.5412803	19838.2434724	15326.7362026	-0.00817507899599	0.0592554444736	0.308475260123	0.0	0.0	1383.3868677	35.9592119796	0.0	0.0	4752.13254498	50.5141311141	8.427661895751953	8.42766284942627	7.890243530273437	7.890223979949951	1.955607533454895	2.0014896392822266	1.5900075435638428	1.574825882911682	0.0888511091470718	0.0168682131916284
einer	einer	24	24	1	127,131	p1	7	physics	1	5			0	0	0	0	0	0	0	0	0	0	0	0	ART	einer	5.0	art	eine	4.0	ei-ner	2.0	2342.47896043	2431.18674262	17543.4333976	7303.86082739	14.1268332777	4894.732861	4237.55615733	21798.3739882	14462.4525895	2727078.92811	5805735.49431	528986.765912	752729.903509	325207.675415	207395.611264	45007.5949345	21503.4825387	20569.6023896	0.0318816192149	0.182077876037	0.0	0.0	4849.55496137	17.9796059898	4602.28334698	0.428085856899	10773.3725284	33.3906968382	0.1277451366186142	0.1277464926242828	0.0203873813152313	0.0203881990164518	0.00772335100919	0.0079697230830788	0.0035198894329369	0.0035222652368247	0.1708070039749145	0.0543805919587612
kinetischen	kinetischen	25	25	1	132,142	p1	7	physics	1	11			0	0	0	0	0	0	0	1	0	0	0	0	ADJA	kinetischen	11.0	adja	kinetisch	9.0	ki-ne-ti-schen	4.0	0.318828080844	0.318828080844	1.4306388243	1.53691485125	13.2706615639	2.89957388871	0.605218848688	33192.5947159	87024.7176774	4181231.37242	9193233.67495	791414.993113	1565082.749	457738.279211	727676.178734	11052.747678	102.572716163	34.2208806772	3.06904102564e-05	0.120029064077	0.0	0.0	0.12262618494	1.2842575707	0.866558373575	0.428085856899	0.989184558515	1.7123434276	8.5169677734375	8.516963005065918	7.177578449249268	7.177577972412109	4.1698808670043945	4.226335048675537	5.663743019104004	5.655791759490967	0.0054993354715406	0.0078573575010523
Rückstoßenergie	Rückstoßenergie	26	26	1	143,157	p1	7	physics	1	15			0	0	0	0	0	0	0	0	1	0	0	0	NN	Rückstoßenergie	15.0	nn	Rückstoßenergie	15.0	rück-stoß-e-ner-gie	5.0																													19.983192443847656	19.98318099975586	15.99364185333252	15.993623733520508	8.72901439666748	8.720355033874512	9.149428367614746	9.002674102783203	6.262595057487488	0.0019543138114386
führt	führt.	27	27	1	158,162	p1	7	physics	1	5		$.	0	0	0	0	1	1	0	0	0	0	0	0	VVFIN	führt	5.0	vvfin	führen	6.0	führt	1.0	115.546566529	115.546566529	495.79401587	170.785575305	4.28085856899	542.976727768	217.273566679	429.281573159	86.4733430937	925325.517544	2318250.58434	148483.5674	192682.300362	115769.084005	103404.138734	12864.091756	5154.69795998	618.542826995	0.0444310020418	0.258882563818	0.0	0.0	80.7043798484	7.27745956729	0.0	0.0	195.081910081	10.7021464225	0.6150742769241333	0.6150746941566467	0.7051643133163452	0.7051552534103394	1.603909611701965	1.618909478187561	0.4191641807556152	0.4192007184028625	29.030149336904287	28.22501716390252
Die	Die	28	1	2	164,166	p1	7	physics	1	3			0	0	0	1	0	0	0	0	0	0	0	0	ART	Die	3.0	art	d	1.0	die	1.0	4044.09712821	4092.99227569	80100.3069113	4092.99227569	0.428085856899	7006.50513099	7668.65043956	33694.5118659	1928.95487119	1162034.30857	2398782.95191	235702.357048	295575.732669	203871.746843	202066.798517	19121.5915224	6400.40832231	5199.86527143	0.05895410862	0.0848217844714	29483.8638533	0.856171713799	35483.8322812	32.5345251244	29483.8638533	0.856171713799	35649.500257	46.661358402	2.596069812774658	5.502706050872803	2.6906306743621826	7.127163410186768	14.896626472473145	0.9625369906425476	15.64679718017578	0.7931316494941711	0.0127086285501718	0.0005143749876879
Photonenenergie	Photonenenergie	29	2	2	167,181	p1	7	physics	1	15			0	0	0	0	0	0	0	1	0	0	0	0	NN	Photonenenergie	15.0	nn	Photonenenergie	15.0	pho-to-nen-e-ner-gie	6.0	0.00817507899599	0.00817507899599	0.00817507899599	1.91296848506	31.6783534106	0.126068429944	0.0155184320176	27651.0356676	70475.3465355	6080647.21152	13373947.5509	928215.882123	1826800.74316	236907.895072	337049.546657	10343.3797233	496.832250902	50.0805339295	3.33e-07	0.055555555	0.0	0.0	0.0	0.0	0.0	0.0	0.0	0.0	19.6934871673584	8.240796089172363	18.836143493652344	6.403796672821045	17.433155059814453	5.257931232452393	18.702775955200195	4.102322578430176	3.653775224462152	2.1664030298125
wird	wird	30	3	2	182,185	p1	7	physics	1	4			0	0	0	0	0	0	0	0	0	0	0	0	VAFIN	wird	4.0	vafin	werden	6.0	wird	1.0	2344.60448097	2347.81728702	8998.09689884	2352.31358046	4.70894442589	4665.03618164	4186.0194446	2383.28895478	15.8391767053	988692.582261	1945833.01227	114090.380583	81194.6163923	94464.2477104	32816.2056182	34258.3961147	10849.3026621	4840.94660319	0.0454900900655	0.324052246465	0.0	0.0	89.680616586	11.5583181363	0.0	0.0	1784.98762338	16.2672625622	5.608117580413818	4.458958625793457	4.148053169250488	6.264848709106445	9.001338958740234	0.0100201917812228	9.338637351989746	0.0018944665789604	0.0097609851509332	6.950514793395996
dabei	dabei	31	4	2	186,190	p1	7	physics	1	5			0	0	0	0	0	0	0	0	0	0	0	0	PAV	dabei	5.0	adv	dabei	5.0	da-bei	2.0	284.836102378	284.836102378	388.267201836	285.171280617	4.28085856899	1050.023953	536.425639553	11965.9530523	12861.4114847	1683428.61701	3488083.80209	280066.524215	281984.862884	157129.203943	43849.2624081	110461.430317	19319.7963127	290.983761783	0.00784920920386	0.162390960138	0.0	0.0	103.741752459	5.56511613969	0.0	0.0	103.823503249	8.13363128109	4.535930633544922	1.883491039276123	4.821703910827637	0.4324374496936798	3.566934108734131	1.4448871612548828	5.091010093688965	0.3347413241863251	0.7829281091690063	0.1432083845138549
zum	zum	32	5	2	191,193	p1	7	physics	1	3			0	0	0	0	0	0	0	0	0	0	0	0	APPRART	zum	3.0	apprart	zum	3.0	zum	1.0	1651.97908812	1651.97908812	1753.17839101	1651.97908812	0.428085856899	4157.73681955	2949.09178377	1759.48955199	40.6681564054	334500.075158	796971.292562	79591.3101428	74215.1045814	74055.9396294	41125.3521006	19838.2434724	15326.7362026	1754.61720491	0.0446728863733	0.258942942311	1694.48949889	0.428085856899	1814.22988095	26.9694089847	12615.7737315	1.2842575707	12735.6694401	30.8221816968	2.6686644554138184	7.151378631591797	2.337562561035156	5.423746109008789	4.7608642578125	1.1247801780700684	4.213454246520996	0.8840500116348267	0.0091186976060271	0.0006412595394067
einen	einen	33	6	2	194,198	p1	7	physics	1	5			0	0	0	0	0	0	0	0	0	0	0	0	PIS	einen	5.0	pis	eine	4.0	ei-nen	2.0	49.7208304536	2019.39166343	17543.4333976	7303.86082739	14.1268332777	4198.07871713	3586.62000791	27432.3768297	26896.634389	2859514.55384	5933406.53601	624326.327506	955059.118657	461556.498907	499462.324164	45007.5949345	21503.4825387	20569.6023896	0.0187226863739	0.182841381842	2431.18674262	0.428085856899	5300.88472258	16.2672625622	7033.4700896	0.856171713799	11104.7330053	35.1030402658	5.003314018249512	0.0002486396697349	4.602766036987305	0.0003312277549412	0.1040173768997192	8.183307647705078	0.05967453494668	6.1856865882873535	0.4784626960754394	0.028889937326312
als	als	34	7	2	199,201	p1	7	physics	1	3			0	0	0	0	0	0	0	0	0	0	0	0	KOKOM	als	3.0	kokom	als	3.0	als	1.0	3463.41309205	4153.65136184	4541.08470562	4153.65136184	0.428085856899	5247.34625955	6981.83567532	4603.69763565	302.228614971	681961.550037	1925878.64622	141980.120382	218560.946583	127440.529836	138813.260388	41334.1231877	9001.42415599	4724.78690573	0.0390845361957	0.243678478051	0.0	0.0	3467.69683344	19.2638635605	0.0	0.0	4065.34415852	32.9626109813	4.608349323272705	1.6453722715377808	4.574043273925781	1.2788246870040894	2.2184033393859863	0.0036395043134689	3.222020387649536	0.0060976427048444	9.667406266089527e-05	0.0046150125563144
Rückstoßenergie	Rückstoßenergie	35	8	2	202,216	p1	7	physics	1	15			0	0	0	0	0	0	0	0	1	0	0	0	NN	Rückstoßenergie	15.0	nn	Rückstoßenergie	15.0	rück-stoß-e-ner-gie	5.0																													22.27029609680176	8.536232948303223	20.013965606689453	12.401562690734863	12.60778522491455	4.592667579650879	9.622946739196776	4.658699989318848	13.986917734146118	0.0058014264795929
und	und	36	9	2	217,219	p1	7	physics	1	3			0	0	0	0	0	0	0	0	0	0	0	0	KON	und	3.0	kon	und	3.0	und	1.0	22313.7473183	22313.7473183	23398.5884761	22313.7473183	0.428085856899	9064.0679761	29467.6401896	23513.5137367	723.037012303	869972.90787	1656300.13956	195202.966651	251153.263298	160187.509171	58920.0250002	32509.3788389	28906.6542257	22352.5789435	0.120238001286	0.419307858966	0.0	0.0	2201.34439665	22.6885504157	0.0	0.0	2454.42031712	42.8085856899	3.2547717094421387	4.570971488952637	3.1677141189575195	3.510014533996582	5.092755317687988	4.900964260101318	7.031463623046875	4.83602237701416	0.0060372133739292	27.512699127197266
zum	zum	37	10	2	220,222	p1	7	physics	1	3			0	0	0	0	0	0	0	0	0	0	0	0	APPRART	zum	3.0	apprart	zum	3.0	zum	1.0	1651.97908812	1651.97908812	1753.17839101	1651.97908812	0.428085856899	4157.73681955	2949.09178377	1759.48955199	40.6681564054	334500.075158	796971.292562	79591.3101428	74215.1045814	74055.9396294	41125.3521006	19838.2434724	15326.7362026	1754.61720491	0.0446728863733	0.258942942311	1694.48949889	0.428085856899	1814.22988095	26.9694089847	12615.7737315	1.2842575707	12735.6694401	30.8221816968	7.18597936630249	1.033596158027649	7.04519510269165	0.696322500705719	2.301948308944702	0.2342473864555359	2.2871463298797607	0.3004220128059387	6.474980354309082	0.1591154634952545
anderen	anderen	38	11	2	223,229	p1	7	physics	1	7			0	0	0	0	0	0	0	0	0	0	0	0	PIS	anderen	7.0	pis	andere	6.0	an-de-ren	3.0	67.4444017169	619.581062027	288.923641876	911.341456315	20.1200352743	1895.94311792	1144.60850876	36966.1621299	73729.6552197	3294494.98274	6949437.49518	826669.040274	1418217.62173	467734.226253	600490.158306	41334.1231877	8435.34898599	1916.32026745	0.00754697456277	0.0962284664744	0.0	0.0	297.041495319	6.42128785349	0.0	0.0	890.05355061	10.7021464225	13.844554901123049	8.092391014099121	11.587339401245115	7.016257286071777	3.4718494415283203	2.1938276290893555	2.7586669921875	1.4604487419128418	4.949063777923584	0.0003001239383593
als	als	39	12	2	230,232	p1	7	physics	1	3			0	0	0	0	0	0	0	0	0	0	0	0	KOKOM	als	3.0	kokom	als	3.0	als	1.0	3463.41309205	4153.65136184	4541.08470562	4153.65136184	0.428085856899	5247.34625955	6981.83567532	4603.69763565	302.228614971	681961.550037	1925878.64622	141980.120382	218560.946583	127440.529836	138813.260388	41334.1231877	9001.42415599	4724.78690573	0.0390845361957	0.243678478051	0.0	0.0	3467.69683344	19.2638635605	0.0	0.0	4065.34415852	32.9626109813	1.2397621870040894	0.3728704154491424	1.3814325332641602	0.1127879470586776	7.91905927658081	5.21150541305542	7.823273181915283	5.438520431518555	2.562873601913452	0.1549190431833267
Anregungsenergie	Anregungsenergie	40	13	2	233,248	p1	7	physics	1	16			0	0	0	0	0	0	0	0	1	0	0	0	NN	Anregungsenergie	16.0	nn	Anregungsenergie	16.0	an-re-gungs-e-ner-gie	6.0	0.016350157992	0.016350157992	0.016350157992	0.604955845703	4.70894442589	0.126068429944	0.0310368640353	37224.6908281	87639.020882	6426250.48277	14164720.1603	837369.744525	1715242.85311	256647.032062	437182.681359	19822.5963712	3723.58498109	66.9375468192	0.000399834	0.0849420845	0.0	0.0	0.0	0.0	0.0	0.0	0.0	0.0	8.046927452087402	7.987655639648437	4.457035541534424	5.926422119140625	4.462971687316895	4.456836700439453	4.134891033172607	2.4555108547210693	2.431423813080528	0.0046217168933253
auf	auf	41	14	2	249,251	p1	7	physics	1	3			0	0	0	0	0	0	0	0	0	0	0	0	APPR	auf	3.0	appr	auf	3.0	auf	1.0	5092.06867979	5591.37797963	5914.8658555	5591.37797963	0.428085856899	6569.04767908	9351.09676518	8980.91288279	7572.83880855	489216.952266	1286948.94648	95233.9886234	112163.203452	83805.1382611	46267.0913278	41334.1231877	16266.7803613	7317.89743803	0.0692951484301	0.289895292654	0.0	0.0	3235.89246851	19.2638635605	0.0	0.0	3376.16047392	32.5345251244	0.1429038941860199	6.38947057723999	0.07725740224123	6.6469268798828125	0.0070796348154544	0.0076664509251713	0.0024928941857069	0.0288134962320327	0.0004719574062619	0.0015482831513509
das	das	42	15	2	252,254	p1	7	physics	1	3			0	0	0	0	0	0	0	0	0	0	0	0	ART	das	3.0	art	d	1.0	das	1.0	5535.50948977	7683.24989344	80100.3069113	7683.24989344	0.428085856899	6503.8703008	12246.2154424	9530.4416929	290.670296835	734069.119328	1662118.68252	216547.190476	169684.671958	215247.31204	124039.161294	110461.430317	19319.7963127	7903.50287175	0.0288325249482	0.178984875387	0.0	0.0	15300.9683536	34.6749544089	0.0	0.0	16474.0513142	50.942216971	0.0223890244960784	11.496956825256348	0.0171661302447319	8.980986595153809	3.4900710582733154	6.899316787719727	0.673819363117218	5.924439907073975	0.0234437752515077	0.0036560141015797
Atom	Atom	43	16	2	255,258	p1	7	physics	1	4			0	0	0	0	0	0	0	0	1	0	0	0	NN	Atom	4.0	nn	Atom	4.0	a-tom	2.0	3.0656546235	3.0656546235	10.6112525368	3.13923033446	1.7123434276	20.4230856509	5.40041434213	9726.23483485	36663.8413	522230.373775	1451030.83074	62763.8338135	119358.470535	52990.6822003	71550.698208	19822.5963712	307.162243116	70.9596856852	0.0116412412533	0.117839640387	27.8034436654	0.428085856899	28.1140966672	4.70894442589	32.8311172479	0.856171713799	36.648879139	8.56171713799	0.3571754395961761	2.096754312515259	0.0840100347995758	0.3657107353210449	3.6042733192443848	0.6791152358055115	2.072052240371704	0.6445757150650024	0.002756607485935	0.0005745429079979
übertragen	übertragen.	44	17	2	259,268	p1	7	physics	1	10		$.	0	0	0	0	0	1	0	0	0	0	0	0	VVINF	übertragen	10.0	vvinf	übertragen	10.0	ü-ber-tra-gen	4.0	9.97359637511	38.9951268109	54.7566791152	382.487420986	261.988544422	291.09200474	73.6349599236	36721.2939888	70156.850658	3461173.30843	7956888.75761	718195.854569	1431522.53016	393272.434826	569686.812387	4201.6554257	4185.99197435	3864.02466317	0.0538523058314	0.319403625243	0.0	0.0	2.05194482799	2.9966009983	0.0	0.0	4.65161994872	7.27745956729	3.830914497375488	1.5051093101501465	1.6284219026565552	0.7113080620765686	2.453300952911377	0.3728030920028686	0.7234487533569336	0.2851376533508301	28.82567068934441	28.519694209098816
Die	Die	45	1	3	270,272	p1	7	physics	1	3			0	0	0	1	0	0	0	0	0	0	0	0	ART	Die	3.0	art	d	1.0	die	1.0	4044.09712821	4092.99227569	80100.3069113	4092.99227569	0.428085856899	7006.50513099	7668.65043956	33694.5118659	1928.95487119	1162034.30857	2398782.95191	235702.357048	295575.732669	203871.746843	202066.798517	19121.5915224	6400.40832231	5199.86527143	0.05895410862	0.0848217844714	29483.8638533	0.856171713799	35483.8322812	32.5345251244	29483.8638533	0.856171713799	35649.500257	46.661358402	2.596069812774658	0.2256508618593216	2.6906306743621826	0.2318864613771438	14.794800758361816	0.6342607736587524	15.558847427368164	0.5404788851737976	0.0205289367586374	0.0012066233903169
Frequenz	Frequenz	46	2	3	273,280	p1	7	physics	1	8			0	0	0	0	0	0	0	0	1	0	0	0	NN	Frequenz	8.0	nn	Frequenz	8.0	fre-quenz	2.0	3.2618565194	3.2618565194	5.03584866153	266.4176494	99.7440046576	19.4145382113	5.86596730266	82.1677189887	742.300875864	2598468.12754	5645330.86756	251747.813495	599083.040095	25984.6112149	67359.3095831	11807.4546207	3907.63870961	945.668613019	0.00601452842857	0.134570705043	0.0	0.0	0.00817507899599	0.428085856899	0.0	0.0	0.310653001848	1.2842575707	9.790525436401367	2.613271951675415	9.922689437866213	2.3733482360839844	9.774380683898926	5.198925018310547	10.929607391357422	5.538956165313721	3.6014561653137207	7.581423415103927e-05
der	der	47	3	3	281,283	p1	7	physics	1	3			0	0	0	0	0	0	0	0	0	0	0	0	ART	der	3.0	art	d	1.0	der	1.0	24738.5901996	26530.3631386	80100.3069113	26530.3631386	0.428085856899	9372.80956103	30912.3596552	38163.5169	19310.096833	1332151.97174	2710999.66609	487983.455471	535760.152056	398226.025843	178781.068331	110461.430317	53801.2331077	27238.2432288	0.129811235347	0.318759302208	0.0	0.0	25590.4497812	36.8153836934	0.0	0.0	33289.1996244	55.22307554	1.9641298055648804	3.255511283874512	2.390235185623169	3.96614408493042	5.525882720947266	1.238881230354309	6.589295387268066	0.4295690059661865	0.140149638056755	0.0520416237413883
Anregung	Anregung	48	4	3	284,291	p1	7	physics	1	8			0	0	0	0	0	0	0	0	1	0	0	0	NN	Anregung	8.0	nn	Anregung	8.0	an-re-gung	3.0	16.227531807	16.227531807	28.3266487211	20.6011990699	17.123434276	153.929552961	30.4937189146	25465.1421703	53990.1882722	2523896.50393	5642421.59608	209763.657076	522724.937714	96114.7552843	239334.240875	19822.5963712	3723.58498109	66.9375468192	0.00607997936919	0.146533026793	0.0	0.0	1.78216722113	0.856171713799	0.0	0.0	1.78216722113	0.856171713799	9.508461952209473	0.1923748701810836	10.25977897644043	0.0511984229087829	8.30378532409668	3.4994022846221924	8.28230094909668	5.6995625495910645	4.653661251068115	28.172975540161133
unterscheidet	unterscheidet	49	5	3	292,304	p1	7	physics	1	13			0	0	0	0	0	0	0	0	0	0	0	0	VVFIN	unterscheidet	13.0	vvfin	unterscheiden	13.0	un-ter-schei-det	4.0	30.2069168902	30.2069168902	99.1882334584	225.967358528	118.579782361	135.901767479	57.1233482569	20701.7607166	47510.2526563	5073532.79997	11138606.4949	884896.743479	1693866.38584	273790.712271	446692.180584	32509.3788389	28906.6542257	2137.73410698	0.0462793127065	0.250372945638	45.2899376378	0.428085856899	45.3553382698	0.856171713799	45.2899376378	0.428085856899	47.023054385	2.9966009983	7.177261829376221	4.792909622192383	7.381560325622559	2.3864541053771973	7.953711986541748	6.784425258636475	6.244690895080566	7.237333297729492	0.0203963741660118	0.0254916120320558
sich	sich	50	6	3	305,308	p1	7	physics	1	4			0	0	0	0	0	0	0	0	0	0	0	0	PRF	sich	4.0	prf	sich	4.0	sich	1.0	6557.46793998	6557.46793998	6566.55045274	6557.81946837	0.856171713799	6282.99841154	11211.8033194	6926.29480396	1064.22144025	990057.517976	2298056.06212	287477.77288	411907.636196	194753.386357	108862.23341	48925.779496	15113.3748159	6879.41072592	0.109257424523	0.373105981887	0.0	0.0	1254.85010065	21.404292845	0.0	0.0	4636.93750684	29.5379241261	0.0923212766647338	1.5560200214385986	0.0931354090571403	1.6612513065338137	3.1837198734283447	0.0866431891918182	2.8048577308654785	0.0059574656188488	0.0002752163854893	0.0009515525307506
also	also	51	7	3	309,312	p1	7	physics	1	4			0	0	0	0	0	0	0	0	0	0	0	0	ADV	also	4.0	adv	also	4.0	al-so	2.0	544.550187002	545.294119191	630.372166302	545.38404506	2.5685151414	1248.45566173	1017.77636388	13636.5059199	18335.3453369	797548.550507	2309355.8164	95513.9442036	134707.91702	67439.0388651	37405.71409	41334.1231877	9001.42415599	4724.78690573	0.00789224690364	0.168659174741	0.0	0.0	86.0508815118	7.27745956729	4153.65136184	0.428085856899	4240.05377175	13.2706615639	6.479598522186279	2.938584089279175	5.614508628845215	2.5826330184936523	4.74251651763916	7.124472141265869	4.4016313552856445	8.950227737426758	4.095397472381592	0.0100423796102404
von	von	52	8	3	313,315	p1	7	physics	1	3			0	0	0	0	0	0	0	0	0	0	0	0	APPR	von	3.0	appr	von	3.0	von	1.0	7955.34104766	7955.34104766	8265.3727435	7955.34104766	0.428085856899	7856.20634881	12401.4928732	8585.23905938	340.756342092	620899.645044	1436353.90714	258695.641457	333765.271963	253104.606831	264495.4152	23102.1601118	13320.2529889	7993.18348833	0.0874371201871	0.312235645495	0.0	0.0	3224.03042889	30.8221816968	0.0	0.0	3276.15473257	38.9558129779	1.89375114440918	4.555215358734131	1.4969158172607422	4.866376876831055	3.4028091430664062	1.2520787715911863	3.6811790466308594	0.0087695708498358	0.0037996019236743	2.155409097671509
der	der	53	9	3	316,318	p1	7	physics	1	3			0	0	0	0	0	0	0	0	0	0	0	0	PDS	der	3.0	pds	die	3.0	der	1.0	63.5939395098	26530.3631386	10789.1994813	26530.3631386	0.428085856899	9372.80956103	30912.3596552	38163.5169	19310.096833	1332151.97174	2710999.66609	487983.455471	535760.152056	398226.025843	178781.068331	110461.430317	53801.2331077	27238.2432288	0.129811235347	0.318759302208	0.0	0.0	25590.4497812	36.8153836934	0.0	0.0	33289.1996244	55.22307554	1.2138161659240725	3.65902590751648	0.6775168180465698	3.736058235168457	0.1584600657224655	0.0016594461631029	0.1994906961917877	0.0090865660458803	0.0784224197268486	0.004491479601711
des	des	54	10	3	319,321	p1	7	physics	1	3			0	0	0	0	0	0	0	0	0	0	0	0	ART	des	3.0	art	d	1.0	des	1.0	7101.07799289	7101.07799289	80100.3069113	7101.07799289	0.428085856899	7430.34719246	10967.4656073	9589.02430898	7300.14811771	1261615.62435	2602206.35451	326044.476501	328517.367443	261724.107647	165779.244685	110461.430317	53801.2331077	7725.99738151	0.121698304848	0.352013185599	44055.247282	1.2842575707	49782.1108458	35.9592119796	44055.247282	1.2842575707	54875.2749862	52.2264745417	2.356703042984009	3.5558252334594727	2.893011569976806	2.735971450805664	7.502306461334228	0.339567631483078	5.903582572937012	0.0336566045880317	0.840447187423706	0.7405117750167847
Photons	Photons	55	11	3	322,328	p1	7	physics	1	7			0	0	0	0	0	0	0	1	0	0	0	0	NN	Photons	7.0	nn	Photon	6.0	pho-tons	2.0	0.032700315984	0.032700315984	0.277952685864	2.20727132892	15.4110908484	0.252136859888	0.0620737280705	147.192297323	1541.53717069	1473155.62799	3750440.07226	132921.846727	365407.666162	82677.4106389	180443.325713	10343.3797233	496.832250902	50.0805339295	0.0061001505	0.25283530175	0.0572255529719	0.428085856899	0.0735757109639	1.2842575707	2.00289435402	1.2842575707	2.01924451201	2.1404292845	10.110390663146973	4.607274055480957	7.834700107574463	3.276373863220215	6.560279846191406	1.685564398765564	5.765658378601074	0.6648880243301392	0.1694473326206207	0.0084348874515853
um	um	56	12	3	329,330	p1	7	physics	1	2			0	0	0	0	0	0	0	0	0	0	0	0	APPR	um	2.0	appr	um	2.0	um	1.0	1106.66861877	2023.33205151	2173.54912806	0.0	0.0	4188.62358488	3500.91170788	3894.37873148	7287.305542	284093.257475	675479.670203	72866.620962	59765.4945676	72242.2084283	40588.5324361	32509.3788389	2649.44500165	-0.00817507899599	0.0281983861756	0.174663736456	4320.93800333	0.428085856899	7422.20327094	36.8153836934	4320.93800333	0.428085856899	9288.90898396	64.2128785349	1.1640640497207642	5.075742721557617	0.0926782861351966	8.617918014526367	0.0011913828784599	1.2685556411743164	0.001661469344981	0.2114649266004562	0.0416246652603149	0.0038077959325164
einen	einen	57	13	3	331,335	p1	7	physics	1	5			0	0	0	0	0	0	0	0	0	0	0	0	ART	einen	5.0	art	eine	4.0	ei-nen	2.0	1964.53688337	2019.39166343	17543.4333976	7303.86082739	14.1268332777	4198.07871713	3586.62000791	27432.3768297	26896.634389	2859514.55384	5933406.53601	624326.327506	955059.118657	461556.498907	499462.324164	45007.5949345	21503.4825387	20569.6023896	0.0187226863739	0.182841381842	2431.18674262	0.428085856899	5300.88472258	16.2672625622	7033.4700896	0.856171713799	11104.7330053	35.1030402658	4.65943717956543	0.1001077964901924	4.821277141571045	0.0010824303608387	0.1003381386399269	0.3503538072109222	0.039235807955265	0.2077357769012451	0.0038751284591853	0.005565030965954
gewissen	gewissen	58	14	3	336,343	p1	7	physics	1	8			0	0	0	0	0	0	0	0	0	0	0	0	ADJA	gewissen	8.0	adja	gewiß	5.0	ge-wis-sen	3.0	61.6973211828	61.6973211828	285.522809014	593.33905845	64.2128785349	345.931771766	115.9847609	52373.3656351	116917.524979	3118733.20415	6893457.56385	566045.118408	1046514.95304	388857.736842	507372.494628	23747.2147199	15623.9820749	1864.82544485	0.00417903341757	0.0859988591453	0.0	0.0	80.6389792165	4.70894442589	78.0393040957	0.428085856899	158.727333786	7.27745956729	3.475147485733032	3.7778923511505127	3.0262463092803955	2.081582546234131	4.111409664154053	3.334843873977661	6.404007434844971	4.508956909179688	0.0008748518303036	0.0013043713988736
Betrag	Betrag.	59	15	3	344,349	p1	7	physics	1	6		$.	0	0	0	0	0	1	0	0	0	0	0	0	NN	Betrag	6.0	nn	Betrag	6.0	be-trag	2.0	21.4595823645	21.4595823645	38.0549927263	45.2572373218	25.2570655571	192.254355664	39.0754118204	22818.2232681	48385.2601478	1787068.93309	4304551.83692	113302.319318	323229.650939	62778.581656	144520.929118	17498.1271098	8127.15668292	638.555420377	0.019816396896	0.188882360766	0.0	0.0	6.42561209085	3.4246868552	34.4906582841	0.428085856899	45.9112436415	6.84937371039	4.907226085662842	4.775045394897461	2.78355073928833	2.5394015312194824	2.1508893966674805	1.5131092071533203	2.0960373878479004	1.3394052982330322	29.47259998321533	29.589696407318115
Auch	Auch	60	1	4	351,354	p1	7	physics	1	4			0	0	0	1	0	0	0	0	0	0	0	0	ADV	Auch	4.0	adv	auch	4.0	auch	1.0	404.445683169	404.445683169	4062.31120421	404.470208406	0.856171713799	1476.38738307	767.122649927	4063.36578941	38.527727121	549560.643868	1291466.10844	202747.60808	367399.97774	111330.637416	100392.982817	19822.5963712	5396.67212318	406.1460996	0.0078399044691	0.0177748487597	3657.70201947	0.428085856899	3917.04005046	17.5515201329	3657.70201947	0.428085856899	3976.30937318	19.6919494174	5.461479663848877	0.0227674562484025	5.467066764831543	0.014196122996509	13.540894508361816	0.2398878633975982	17.517656326293945	0.323382019996643	1.5931971073150637	0.0010777862044051
bei	bei	61	2	4	355,357	p1	7	physics	1	3			0	0	0	0	0	0	0	0	0	0	0	0	APPR	bei	3.0	appr	bei	3.0	bei	1.0	2135.91106436	2161.86694017	2489.87563473	2161.86694017	0.428085856899	4322.25612062	3715.43851209	5555.26048062	4566.8199214	1219263.07434	2569992.0376	157298.346328	245814.176491	54673.4895113	42554.7307768	20337.830725	14068.4280436	3488.24080696	0.0361569463119	0.220877330072	0.0	0.0	1512.16888713	28.2536665554	0.0	0.0	1895.89892012	38.0996412641	3.501232624053955	0.2766902148723602	3.4791581630706787	0.0826834961771965	6.700134754180908	0.352146178483963	8.564003944396973	0.3512579798698425	0.2281666994094848	0.1385471224784851
der	der	62	3	4	358,360	p1	7	physics	1	3			0	0	0	0	0	0	0	0	0	0	0	0	ART	der	3.0	art	d	1.0	der	1.0	24738.5901996	26530.3631386	80100.3069113	26530.3631386	0.428085856899	9372.80956103	30912.3596552	38163.5169	19310.096833	1332151.97174	2710999.66609	487983.455471	535760.152056	398226.025843	178781.068331	110461.430317	53801.2331077	27238.2432288	0.129811235347	0.318759302208	0.0	0.0	25590.4497812	36.8153836934	0.0	0.0	33289.1996244	55.22307554	1.404982328414917	7.418415069580078	1.4579272270202637	5.9169087409973145	3.314059257507324	0.0050923880189657	3.846234798431397	0.0040911082178354	0.0256258249282836	0.0001839230244513
Emission	Emission	63	4	4	361,368	p1	7	physics	1	8			0	0	0	0	0	0	0	0	1	0	0	0	NN	Emission	8.0	nn	Emission	8.0	e-mis-si-on	4.0	1.69224135217	1.69224135217	3.01660414952	2.88580288559	8.13363128109	16.8931696125	3.13472326756	12591.7798747	52089.0589817	1990760.14967	4658679.01266	326675.559899	588642.882216	234977.726221	333513.557479	14903.9783425	263.703523174	47.8405622845	0.018492745029	0.19934899328	0.0	0.0	0.049050473976	1.7123434276	0.0	0.0	0.269777606868	2.9966009983	10.948087692260742	7.633214473724365	9.962190628051758	4.494816780090332	10.07181167602539	0.802310049533844	10.69520092010498	0.7088439464569092	0.0131969107314944	0.0126212672330439
eines	eines	64	5	4	369,373	p1	7	physics	1	5			0	0	0	0	0	0	0	0	0	0	0	0	ART	eines	5.0	art	eine	4.0	ei-nes	2.0	964.814648028	996.591180085	17543.4333976	7303.86082739	14.1268332777	2911.67645798	1770.37376144	17195.1259819	8521.04898158	2656542.58071	5696942.18272	367047.786942	545487.118897	215066.422067	203192.664321	45007.5949345	21503.4825387	20569.6023896	0.0495844122944	0.245308794672	6240.92070617	1.2842575707	6269.57435805	14.9830049915	10843.2040532	1.7123434276	11254.5822033	25.685151414	2.290600299835205	5.105154991149902	0.9963719844818116	5.777359008789063	8.345870971679688	1.4027166366577148	8.660989761352539	1.4647328853607178	0.0042581371963024	0.0004503904783632
Photons	Photons	65	6	4	374,380	p1	7	physics	1	7			0	0	0	0	0	0	0	1	0	0	0	0	NN	Photons	7.0	nn	Photon	6.0	pho-tons	2.0	0.032700315984	0.032700315984	0.277952685864	2.20727132892	15.4110908484	0.252136859888	0.0620737280705	147.192297323	1541.53717069	1473155.62799	3750440.07226	132921.846727	365407.666162	82677.4106389	180443.325713	10343.3797233	496.832250902	50.0805339295	0.0061001505	0.25283530175	0.0572255529719	0.428085856899	0.0735757109639	1.2842575707	2.00289435402	1.2842575707	2.01924451201	2.1404292845	15.25745677947998	1.6852394342422483	12.703126907348633	0.3398724198341369	12.462873458862305	0.2465241551399231	9.754292488098145	0.0639544576406478	2.3519487977027893	0.0271181318094022
erfährt	erfährt	66	7	4	381,387	p1	7	physics	1	7			0	0	0	0	0	0	0	0	0	0	0	0	VVFIN	erfährt	7.0	vvfin	erfahren	8.0	er-fährt	2.0	18.5247290049	18.5247290049	134.153046324	167.540068944	19.2638635605	144.600489146	34.9164720397	18335.5985523	21988.2019538	2035397.09469	4801046.66992	344731.268272	557141.756351	155065.004672	116812.643944	45007.5949345	12349.7403108	736.043237404	0.0308242122087	0.216265079795	0.0	0.0	3.55615936326	2.1404292845	0.0	0.0	6.59728874977	3.8527727121	12.653277397155762	2.68786358833313	10.48656940460205	0.6023009419441223	8.885773658752441	5.16073751449585	8.822434425354004	4.187260150909424	2.2597267627716064	0.0014266322832554
das	das	67	8	4	388,390	p1	7	physics	1	3			0	0	0	0	0	0	0	0	0	0	0	0	ART	das	3.0	art	d	1.0	das	1.0	5535.50948977	7683.24989344	80100.3069113	7683.24989344	0.428085856899	6503.8703008	12246.2154424	9530.4416929	290.670296835	734069.119328	1662118.68252	216547.190476	169684.671958	215247.31204	124039.161294	110461.430317	19319.7963127	7903.50287175	0.0288325249482	0.178984875387	0.0	0.0	15300.9683536	34.6749544089	0.0	0.0	16474.0513142	50.942216971	2.6041793823242188	1.356239676475525	2.216557741165161	0.5292553305625916	8.435114860534668	2.5696840286254883	7.94509220123291	3.030944347381592	0.0922220349311828	6.556489552167477e-06
Atom	Atom	68	9	4	391,394	p1	7	physics	1	4			0	0	0	0	0	0	0	0	1	0	0	0	NN	Atom	4.0	nn	Atom	4.0	a-tom	2.0	3.0656546235	3.0656546235	10.6112525368	3.13923033446	1.7123434276	20.4230856509	5.40041434213	9726.23483485	36663.8413	522230.373775	1451030.83074	62763.8338135	119358.470535	52990.6822003	71550.698208	19822.5963712	307.162243116	70.9596856852	0.0116412412533	0.117839640387	27.8034436654	0.428085856899	28.1140966672	4.70894442589	32.8311172479	0.856171713799	36.648879139	8.56171713799	10.614540100097656	0.1488696932792663	8.812874794006348	0.1820527464151382	4.686642646789551	0.1634178310632705	4.3676581382751465	0.2912196516990661	2.771775484085083	0.0409615635871887
einen	einen	69	10	4	395,399	p1	7	physics	1	5			0	0	0	0	0	0	0	0	0	0	0	0	ART	einen	5.0	art	eine	4.0	ei-nen	2.0	1964.53688337	2019.39166343	17543.4333976	7303.86082739	14.1268332777	4198.07871713	3586.62000791	27432.3768297	26896.634389	2859514.55384	5933406.53601	624326.327506	955059.118657	461556.498907	499462.324164	45007.5949345	21503.4825387	20569.6023896	0.0187226863739	0.182841381842	2431.18674262	0.428085856899	5300.88472258	16.2672625622	7033.4700896	0.856171713799	11104.7330053	35.1030402658	2.2854480743408203	2.870813369750977	1.944642782211304	2.810310840606689	8.323079109191895	0.0067354785278439	7.845418453216553	0.0134627083316445	0.2574012577533722	0.2433554977178573
Rückstoß	Rückstoß.	70	11	4	400,407	p1	7	physics	1	8		$.	0	0	0	0	0	1	0	0	1	0	0	0	NN	Rückstoß	8.0	nn	Rückstoß	8.0	rück-stoß	2.0	0.482329660764	0.482329660764	0.604955845703	61.0269647051	24.8289797002	4.16025818814	0.91558748904	1189.88274787	2573.65217168	916224.741653	2562165.77197	83161.9884464	254417.846043	23636.900204	57097.6635074	9222.31479046	423.509967387	329.578309723	0.0178111062712	0.173680539576	0.0	0.0	0.00817507899599	0.428085856899	0.0	0.0	0.00817507899599	0.428085856899	8.321091651916504	2.353577136993408	8.631457328796387	4.554744720458984	7.19223690032959	2.050002098083496	7.611125946044922	3.462613105773926	28.97202217578888	25.0387311616214
Die	Die	71	1	5	409,411	p1	7	physics	1	3			0	0	0	1	0	0	0	0	0	0	0	0	ART	Die	3.0	art	d	1.0	die	1.0	4044.09712821	4092.99227569	80100.3069113	4092.99227569	0.428085856899	7006.50513099	7668.65043956	33694.5118659	1928.95487119	1162034.30857	2398782.95191	235702.357048	295575.732669	203871.746843	202066.798517	19121.5915224	6400.40832231	5199.86527143	0.05895410862	0.0848217844714	29483.8638533	0.856171713799	35483.8322812	32.5345251244	29483.8638533	0.856171713799	35649.500257	46.661358402	2.596069812774658	1.5516269207000732	2.6906306743621826	1.4173600673675537	14.896626472473145	0.3880824744701385	15.64679718017578	0.9677470326423644	0.0111852046102285	0.1137589216232299
dabei	dabei	72	2	5	412,416	p1	7	physics	1	5			0	0	0	0	0	0	0	0	0	0	0	0	PAV	dabei	5.0	adv	dabei	5.0	da-bei	2.0	284.836102378	284.836102378	388.267201836	285.171280617	4.28085856899	1050.023953	536.425639553	11965.9530523	12861.4114847	1683428.61701	3488083.80209	280066.524215	281984.862884	157129.203943	43849.2624081	110461.430317	19319.7963127	290.983761783	0.00784920920386	0.162390960138	0.0	0.0	103.741752459	5.56511613969	0.0	0.0	103.823503249	8.13363128109	10.399564743041992	7.5861310958862305	10.42017650604248	2.997635126113892	7.846750736236572	0.0027312852907925	6.376865386962891	0.0008954567601904	2.333099603652954	28.405935287475582
erzeugte	erzeugte	73	3	5	417,424	p1	7	physics	1	8			0	0	0	0	0	0	0	0	0	0	0	0	ADJA	erzeugte	8.0	adja	erzeugt	7.0	er-zeug-te	3.0	2.32172243486	4.91322247659	8.03610265306	153.748710678	20.9762069881	45.3846347798	9.28002234654	43915.2735794	69395.7140044	3296238.56359	7343349.68621	457322.674545	830329.02679	219119.601708	233397.974298	45007.5949345	12349.7403108	349.239374709	0.0600443908236	0.321608604677	0.0	0.0	0.237077290884	1.2842575707	30.1905667322	0.856171713799	31.6784311095	3.8527727121	6.508642196655273	8.757621765136719	5.893185138702393	8.614524841308594	7.728844165802002	3.180238008499145	5.928993701934815	4.981812000274658	0.6675492547801696	2.366283726936672
Rückstoßenergie	Rückstoßenergie	74	4	5	425,439	p1	7	physics	1	15			0	0	0	0	0	0	0	0	1	0	0	0	NN	Rückstoßenergie	15.0	nn	Rückstoßenergie	15.0	rück-stoß-e-ner-gie	5.0																													23.25709724426269	3.79143500328064	20.279273986816406	3.597596406936645	12.663162231445312	2.8441951274871826	10.543546676635742	1.3032081127166748	7.628043115139008	0.0007313412897929
fehlt	fehlt	75	5	5	440,444	p1	7	physics	1	5			0	0	0	0	0	0	0	0	0	0	0	0	VVFIN	fehlt	5.0	vvfin	fehlen	6.0	fehlt	1.0	53.4159661598	53.4159661598	130.744038383	57.9776602396	2.1404292845	301.681752855	99.2093358887	69.267444333	7.70554542419	1495031.78785	3525501.50258	148540.408725	211545.903646	106052.021608	95432.3239069	12864.091756	1343.79496012	146.358439265	0.029203728343	0.207815296953	0.0	0.0	34.5478838371	4.28085856899	0.0	0.0	63.0707344541	8.98980299489	14.48639678955078	4.768984794616699	11.721548080444336	4.3460235595703125	8.367877960205078	9.398993492126465	10.1380033493042	9.079195976257324	3.796563625335693	0.0213480964303016
dem	dem	76	6	5	445,447	p1	7	physics	1	3			0	0	0	0	0	0	0	0	0	0	0	0	ART	dem	3.0	art	d	1.0	dem	1.0	5100.87323987	5616.24656993	80100.3069113	5616.24656993	0.428085856899	6562.36605229	9206.65119996	6667.98683292	1002.148991	1098350.78654	2107258.1957	260311.257794	170837.935256	214520.302265	48324.4719561	110461.430317	53801.2331077	5810.24119451	0.0776634434188	0.228051977566	43473.0753814	1.2842575707	43630.2003997	29.966009983	43473.0753814	1.2842575707	43925.3698019	41.0962422623	0.3816280663013458	2.092311382293701	0.006100604776293	1.3548760414123535	1.1994978189468384	0.4106870591640472	0.9897385239601136	0.4533597230911255	3.1899895668029785	0.0058344537392258
emittierten	emittierten	77	7	5	448,458	p1	7	physics	1	11			0	0	0	0	0	0	0	0	1	0	0	0	ADJA	emittierten	11.0	adja	emittiert	9.0	e-mit-tier-ten	4.0	0.16350157992	0.171676658916	0.302477922852	0.899258689559	3.8527727121	2.14316330904	0.310368640353	33810.8841154	78366.6812216	4810694.15111	10676140.2067	861917.005176	1614911.51465	429024.695826	601400.696924	45007.5949345	351.569272223	6.61363890776	0.00726984895238	0.115452092571	0.0	0.0	0.0572255529719	0.428085856899	0.0	0.0	0.277952685864	2.5685151414	11.74175262451172	9.19970989227295	9.792282104492188	6.781608581542969	9.37636661529541	3.9387731552124015	9.576908111572266	5.289807319641113	0.2341656418284401	0.064323386920023
Photon	Photon,	78	8	5	459,464	p1	7	physics	1	6		$,	0	0	0	0	0	0	0	1	0	0	0	0	NN	Photon	6.0	nn	Photon	6.0	pho-ton	2.0	0.04087539498	0.04087539498	0.277952685864	4.46359313181	15.4110908484	0.504273719775	0.0775921600881	529.687893387	3655.42513206	1203252.05133	3006413.15422	244396.839688	414859.716265	220143.358676	294427.178315	10343.3797233	496.832250902	50.0805339295	3.3684e-05	0.1006119042	2.4525236988	1.7123434276	2.46887385679	2.5685151414	4.4962934478	2.1404292845	4.54534392177	3.4246868552	11.337390899658203	3.643890380859375	7.817892074584961	2.9991493225097656	2.838167905807495	1.3003952503204346	3.859957695007324	1.530359983444214	27.6690793633461	27.417289952310966
so	so	79	9	5	466,467	p1	7	physics	1	2			0	0	1	0	0	0	0	0	0	0	0	0	ADV	so	2.0	adv	so	2.0	so	1.0	2876.40154474	2881.65812053	3315.19890985	0.0	0.0	3533.31988603	5044.40599322	7559.98605233	8425.15774964	385490.57713	1127504.08822	67552.2555341	43642.0688533	67539.3225592	31723.3024255	48925.779496	8037.09183762	-0.00817507899599	0.0178285087072	0.131475681059	0.0	0.0	1397.905808	42.8085856899	0.0	0.0	1576.88281246	60.3601058228	10.274171829223633	4.398997783660889	8.078256607055664	3.249719858169556	0.058304164558649	0.1810279339551925	0.0169161539524793	0.0685042813420295	0.0836843475699424	4.155914306640625
dass	dass	80	10	5	468,471	p1	7	physics	1	4			0	0	0	0	0	0	0	0	0	0	0	0	KOUS	dass	4.0	kous	dass	4.0	dass	1.0	147.780903011	147.780903011	153.552508782	148.034330459	3.4246868552	363.833488818	251.97278067	154.729720157	3.8527727121	1003972.69599	2406145.60056	229855.777627	221936.403565	206556.835189	132887.26787	110461.430317	19319.7963127	7903.50287175	0.00336324744952	0.0553902165934	0.0	0.0	25.6370477314	20.1200352743	7683.24989344	0.428085856899	7709.39379606	23.9728079864	1.0967928171157837	0.2082762271165847	0.8464032411575317	0.0266539547592401	2.1253881454467773	0.0346698388457298	1.0468857288360596	0.0124220959842205	0.0012181727215647	0.0052663646638393
dessen	dessen	81	11	5	472,477	p1	7	physics	1	6			0	0	0	0	0	0	0	0	0	0	0	0	PRELAT	dessen	6.0	prelat	die	3.0	des-sen	2.0	276.530222118	340.892619054	10789.1994813	342.625735801	12.842575707	1349.31040569	628.341312394	17810.1617	28489.9699484	2776463.95902	5935496.02308	684736.139147	979525.509636	518426.885572	500860.452572	110461.430317	53801.2331077	7725.99738151	0.0115689887806	0.141396491303	0.0	0.0	39.9516110534	13.2706615639	0.0	0.0	74.8837236033	16.2672625622	0.3707872033119201	4.935915946960449	0.8676222562789917	6.610584259033203	0.001014195033349	0.0015866083558648	0.0023116553202271	0.0007288183551281	0.0010495636379346	0.1446517258882522
Wellenlänge	Wellenlänge	82	12	5	478,488	p1	7	physics	1	11			0	0	0	0	0	0	0	0	1	0	0	0	NN	Wellenlänge	11.0	nn	Wellenlänge	11.0	wel-len-län-ge	4.0	1.82304261611	1.82304261611	2.79587701663	52.1161285995	188.357777036	11.5982955548	3.18127856361	50830.8835551	112729.132955	3938451.48161	8806627.19715	519064.639835	1146912.21671	194936.704328	326616.238153	13240.8075713	4570.94826919	879.744775996	0.00636613395067	0.128884490996	0.0	0.0	0.0	0.0	0.0	0.0	0.972834400523	0.428085856899	5.18871021270752	6.338630199432373	4.151034832000732	5.537074089050293	3.31731390953064	4.8196330070495605	2.207904100418091	3.734838724136353	0.3376311417669058	0.2875483110547066
ebenfalls	ebenfalls	83	13	5	489,497	p1	7	physics	1	9			0	0	0	0	0	0	0	0	0	0	0	0	ADV	ebenfalls	9.0	adv	ebenfalls	9.0	e-ben-falls	3.0	111.63070369	111.63070369	116.298673797	118.628571311	8.98980299489	615.340006556	210.771343663	13208.9656386	31941.6262126	3011319.34518	7035284.54867	407850.677146	798973.878201	141995.236104	177290.901463	45007.5949345	655.477833899	586.561917962	0.0179919402622	0.228798679957	0.0	0.0	4.6843202647	1.2842575707	0.0	0.0	4.74972089667	3.4246868552	1.2651746273040771	1.9950069189071653	0.4588656425476074	2.1683506965637207	0.3748340308666229	2.1622514724731445	0.7799342274665833	1.3147891759872437	0.059449229389429	0.0009016501135192
von	von	84	14	5	498,500	p1	7	physics	1	3			0	0	0	0	0	0	0	0	0	0	0	0	APPR	von	3.0	appr	von	3.0	von	1.0	7955.34104766	7955.34104766	8265.3727435	7955.34104766	0.428085856899	7856.20634881	12401.4928732	8585.23905938	340.756342092	620899.645044	1436353.90714	258695.641457	333765.271963	253104.606831	264495.4152	23102.1601118	13320.2529889	7993.18348833	0.0874371201871	0.312235645495	0.0	0.0	3224.03042889	30.8221816968	0.0	0.0	3276.15473257	38.9558129779	1.3984527587890625	4.284214973449707	1.115894079208374	2.089216709136963	0.0922019258141517	0.6755183935165405	0.1645863503217697	0.6437845826148987	0.051623847335577	0.0075332373380661
jener	jener	85	15	5	501,505	p1	7	physics	1	5			0	0	0	0	0	0	0	0	0	0	0	0	PDS	jener	5.0	pds	jene	4.0	je-ner	2.0	10.9137304597	127.277804889	62.7927817682	276.383070697	2.9966009983	515.7459469	237.214751821	9485.54415905	10771.4963313	2363633.96388	5065643.96955	508384.038103	890229.368402	213474.59521	169157.698268	4280.33238596	2867.44165816	427.401304989	0.0126043839832	0.183391556233	284.599025087	0.428085856899	449.678395254	9.41788885179	284.599025087	0.428085856899	572.607058116	11.9864039932	2.5028634071350098	0.490830659866333	2.7926714420318604	0.4501849114894867	6.85719633102417	6.342028617858887	5.984033107757568	5.5423102378845215	27.558006286621094	0.0062530823051929
der	der	86	16	5	506,508	p1	7	physics	1	3			0	0	0	0	0	0	0	0	0	0	0	0	ART	der	3.0	art	d	1.0	der	1.0	24738.5901996	26530.3631386	80100.3069113	26530.3631386	0.428085856899	9372.80956103	30912.3596552	38163.5169	19310.096833	1332151.97174	2710999.66609	487983.455471	535760.152056	398226.025843	178781.068331	110461.430317	53801.2331077	27238.2432288	0.129811235347	0.318759302208	0.0	0.0	25590.4497812	36.8153836934	0.0	0.0	33289.1996244	55.22307554	0.1691361367702484	6.265246868133545	0.1557672470808029	6.388123512268066	8.980470657348633	0.2383523732423782	9.187236785888672	0.131781592965126	0.0028446943033486	0.0006803343421779
Anregung	Anregung	87	17	5	509,516	p1	7	physics	1	8			0	0	0	0	0	0	0	0	1	0	0	0	NN	Anregung	8.0	nn	Anregung	8.0	an-re-gung	3.0	16.227531807	16.227531807	28.3266487211	20.6011990699	17.123434276	153.929552961	30.4937189146	25465.1421703	53990.1882722	2523896.50393	5642421.59608	209763.657076	522724.937714	96114.7552843	239334.240875	19822.5963712	3723.58498109	66.9375468192	0.00607997936919	0.146533026793	0.0	0.0	1.78216722113	0.856171713799	0.0	0.0	1.78216722113	0.856171713799	6.314575672149658	3.1037659645080566	3.870077133178711	3.513617515563965	3.840598583221436	1.2913243770599363	3.90002703666687	1.784878849983215	0.0576909705996513	2.489333152770996
verschieden	verschieden	88	18	5	517,527	p1	7	physics	1	11			0	0	0	0	0	0	0	0	0	0	0	0	ADJD	verschieden	11.0	adjd	verschieden	11.0	ver-schie-den	3.0	35.6842198175	35.8395463184	324.697787563	779.085028318	896.411784347	153.551347672	66.4499258995	39454.7542773	63102.4238221	4371660.55074	9279475.42359	954628.744851	1727081.13939	459308.393058	698774.390192	23102.1601118	7335.96436261	7300.98319958	0.0187229742416	0.251299160352	0.0	0.0	6.09043385201	2.9966009983	79.0366637333	0.428085856899	85.2905991652	5.56511613969	4.279763221740723	1.0951652526855469	3.8201379776000977	1.0282573699951172	7.037672519683838	5.514653205871582	8.976274490356445	3.810000419616699	1.289360761642456	3.228932857513428
ist	ist.	89	19	5	528,530	p1	7	physics	1	3		$.	0	0	0	0	1	1	0	0	0	0	0	0	VAFIN	ist	3.0	vafin	sein	4.0	ist	1.0	6193.1128442	6201.98280491	17044.4184006	6201.98280491	0.428085856899	5647.61352462	10628.2947571	6392.98535058	321.920564388	917956.027182	2251465.76597	202181.475685	311508.232091	153618.244592	108375.49979	37971.7622471	6331.86028492	6216.50992029	0.0707295422332	0.285080866351	0.0	0.0	174.505236248	21.8323787019	0.0	0.0	350.048707529	42.380499833	0.4299765229225158	0.2170060873031616	0.304650217294693	0.1654911935329437	0.6183914542198181	0.2173542082309723	1.3709412813186646	0.2234930992126464	29.308024745434523	25.807931354269385
Atome	Atome,	90	1	6	532,536	p1	7	physics	1	5		$,	0	0	0	1	0	0	0	0	1	0	0	0	NN	Atome	5.0	nn	Atom	4.0	a-to-me	3.0	5.02767358254	5.02767358254	10.6112525368	8.34675565491	2.5685151414	22.3141121	9.17139332242	15702.3238569	67501.0060018	1294299.582	3059802.30995	182766.055473	313861.848132	153842.004679	218584.491306	19822.5963712	307.162243116	70.9596856852	0.0108495896407	0.194182666223	0.0	0.0	3.19645588743	3.4246868552	0.0	0.0	8.59200802479	6.42128785349	15.762100219726562	12.267898559570312	16.519092559814453	12.97199535369873	26.83740234375	9.44639492034912	23.25351333618164	8.793523788452148	28.884652853012085	27.77237215265632
die	die	91	2	6	538,540	p1	7	physics	1	3			0	0	1	0	0	0	0	0	0	0	0	0	PRELS	die	3.0	art	d	1.0	die	1.0	20527.116504	24520.1275636	80100.3069113	24520.1275636	0.428085856899	9091.29875697	30440.211361	33694.5118659	1928.95487119	1361337.08551	2613060.47141	356516.797331	303924.26305	343523.065172	189343.230678	110461.430317	29991.8223867	29048.3692201	0.0938387928357	0.266249299869	0.0	0.0	15201.9436218	35.5311261227	0.0	0.0	15852.8515865	58.2196765383	4.792960166931152	2.300533533096313	4.997150897979736	2.324226856231689	8.690500259399414	5.059018611907959	7.038974761962891	5.429045677185059	0.0470097064971923	0.1078587621450424
sich	sich	92	3	6	541,544	p1	7	physics	1	4			0	0	0	0	0	0	0	0	0	0	0	0	PRF	sich	4.0	prf	sich	4.0	sich	1.0	6557.46793998	6557.46793998	6566.55045274	6557.81946837	0.856171713799	6282.99841154	11211.8033194	6926.29480396	1064.22144025	990057.517976	2298056.06212	287477.77288	411907.636196	194753.386357	108862.23341	48925.779496	15113.3748159	6879.41072592	0.109257424523	0.373105981887	0.0	0.0	1254.85010065	21.404292845	0.0	0.0	4636.93750684	29.5379241261	2.070012331008911	1.5180914402008057	2.230086326599121	0.3132396042346954	6.242400169372559	0.1212793365120887	4.204827308654785	0.0913780033588409	27.727691650390625	0.0270802024751901
nur	nur	93	4	6	545,547	p1	7	physics	1	3			0	0	0	0	0	0	0	0	0	0	0	0	ADV	nur	3.0	adv	nur	3.0	nur	1.0	2370.65845773	2374.50074486	2550.53472088	2374.50074486	0.428085856899	3849.3734399	4301.83350274	2556.27362634	114.298923792	990769.99246	2259712.41192	155105.185185	132036.233187	143272.158917	87642.8736547	21439.2836433	3127.83427434	2376.08671019	0.0228255016873	0.177816950942	0.0	0.0	2602.20122014	28.2536665554	0.0	0.0	2611.74153732	33.3906968382	1.2307544946670532	0.1671479493379593	1.296151638031006	0.0266328286379575	4.854625225067139	0.0186270046979188	2.739779472351074	0.0185322221368551	0.0437085628509521	0.008175597526133
in	in	94	5	6	548,549	p1	7	physics	1	2			0	0	0	0	0	0	0	0	0	0	0	0	APPR	in	2.0	appr	in	2.0	in	1.0	13129.4221199	13165.4578681	14298.1641135	0.0	0.0	8527.89894355	19687.5208529	18583.5486983	15158.092107	842500.587604	1735372.30627	309490.415689	350022.68855	273957.116004	252232.89583	37971.7622471	15391.66268	-0.00817507899599	0.0682365415668	0.281559937821	0.0	0.0	9683.14399346	42.380499833	0.0	0.0	17389.6438116	75.7711966712	2.225635766983032	9.345443725585938	1.8702000379562376	7.777769565582275	2.65661883354187	2.0809450149536133	2.361116409301758	1.9724599123001096	0.0421035587787628	0.0044456697069108
ihrem	ihrem	95	6	6	550,554	p1	7	physics	1	5			0	0	0	0	0	0	0	0	0	0	0	0	PPOSAT	ihrem	5.0	pposat	ihr	3.0	ih-rem	2.0	305.478176843	305.478176843	3655.35577179	1671.75460421	7.70554542419	1058.09233252	562.682826527	4180.84167458	698.63611846	1798533.07527	3924691.56414	155146.861738	214841.308573	100425.686991	50666.5296792	37971.7622471	6598.66216304	3742.25686152	0.00495619565282	0.132526561504	1220.06513952	0.856171713799	1392.4939057	6.42128785349	2202.46438247	1.2842575707	2374.9503742	8.13363128109	5.312238693237305	1.7179704904556274	4.566470146179199	1.754080295562744	3.278761386871338	2.7029266357421875	2.031288385391236	4.774830341339111	1.6639255285263062	0.8588922023773193
Impuls	Impuls	96	7	6	555,560	p1	7	physics	1	6			0	0	0	0	0	0	0	0	1	0	0	0	NN	Impuls	6.0	nn	Impuls	6.0	im-puls	2.0	4.40636757884	4.40636757884	12.6468472068	9.36046545041	6.84937371039	36.1816393939	8.20925053733	6228.05313183	1878.44074007	760527.043092	2119333.64156	90556.9033036	181905.238915	80462.7408635	127317.0147	8060.80774179	744.855972562	100.839599416	0.0239807777124	0.216838419668	0.0	0.0	0.016350157992	0.856171713799	6.67086446073	0.428085856899	6.7280900137	2.1404292845	2.038019180297852	1.5026566982269287	1.4324251413345337	0.3011262714862823	11.644646644592283	7.090635299682617	5.662302970886231	7.150514602661133	0.0421457327902317	0.0006482883472926
unterscheiden	unterscheiden,	97	8	6	561,573	p1	7	physics	1	13		$,	0	0	0	0	1	0	0	0	0	0	0	0	VVFIN	unterscheiden	13.0	vvfin	unterscheiden	13.0	un-ter-schei-den	4.0	10.235198903	45.2899376378	99.1882334584	225.967358528	118.579782361	194.145382113	85.7083000334	42973.6271052	68992.0290413	5267980.93706	11366539.9533	1153708.04783	2192469.54169	532404.447612	811210.284335	32509.3788389	28906.6542257	2137.73410698	0.0373510293447	0.293783343859	0.0	0.0	30.7055967089	0.856171713799	0.0	0.0	32.5041140881	2.5685151414	3.5001027584075928	2.312433958053589	4.462674617767334	1.2018213272094729	4.855745315551758	6.803520202636719	3.965736627578736	4.340299129486084	27.52102541923523	26.071184039115906
können	können	98	9	6	575,580	p1	7	physics	1	6			0	0	1	0	0	0	0	0	0	0	0	0	VMFIN	können	6.0	vmfin	können	6.0	kön-nen	2.0	410.429840994	800.364758945	3346.01895766	1040.34420287	6.84937371039	2247.92617433	1485.25360998	13304.9737663	21461.2282639	2256673.84632	4790724.23565	449157.928849	734790.965676	355872.813658	463296.346715	11052.747678	1430.29547098	1371.06702365	0.0301274059589	0.356573992093	0.0	0.0	97.994671925	8.56171713799	0.0	0.0	382.953400488	14.5549191346	8.722977638244629	0.1173226237297058	7.791157245635986	0.3666514754295349	4.740208625793457	6.596470832824707	3.8411481380462646	7.208632469177246	4.760387420654297	1.655713677406311
also	also	99	10	6	581,584	p1	7	physics	1	4			0	0	0	0	0	0	0	0	0	0	0	0	ADV	also	4.0	adv	also	4.0	al-so	2.0	544.550187002	545.294119191	630.372166302	545.38404506	2.5685151414	1248.45566173	1017.77636388	13636.5059199	18335.3453369	797548.550507	2309355.8164	95513.9442036	134707.91702	67439.0388651	37405.71409	41334.1231877	9001.42415599	4724.78690573	0.00789224690364	0.168659174741	0.0	0.0	86.0508815118	7.27745956729	4153.65136184	0.428085856899	4240.05377175	13.2706615639	2.61364483833313	0.0079034939408302	3.88034725189209	0.002064598724246	8.963797569274902	0.1876423358917236	5.541586399078369	0.0281540118157863	0.3082797527313232	0.2950056195259094
Photonen	Photonen	100	11	6	585,592	p1	7	physics	1	8			0	0	0	0	0	0	0	1	0	0	0	0	NN	Photonen	8.0	nn	Photon	6.0	pho-to-nen	3.0	0.2043769749	0.2043769749	0.277952685864	3.64608523221	21.404292845	1.51282115933	0.341405504388	14538.102682	37041.8411117	2448196.80934	5595675.90476	467060.861346	876232.245139	350063.022093	499029.957448	10343.3797233	496.832250902	50.0805339295	0.01424270684	0.28154310644	0.956484242531	0.428085856899	0.997359637511	1.2842575707	0.956484242531	0.428085856899	0.997359637511	1.2842575707	12.894882202148438	10.989198684692385	10.079050064086914	7.78363561630249	8.443989753723145	3.4571261405944824	7.39721155166626	2.794751644134521	0.9608131051063538	0.0316767039475962
mit	mit	101	12	6	593,595	p1	7	physics	1	3			0	0	0	0	0	0	0	0	0	0	0	0	APPR	mit	3.0	adv	mit	3.0	mit	1.0	0.228902211888	6389.55999248	6727.32973136	6389.55999248	0.428085856899	6848.28925141	10606.5379154	9545.0750843	6105.78857696	754691.189375	1756517.60717	154872.35076	192565.004837	138846.449102	106042.43187	21052.512481	9522.82251927	6974.74032209	0.0635514315396	0.282257671036	0.0	0.0	1501.70478601	30.3940958399	0.0	0.0	1518.70077524	44.5209291175	2.278038024902344	3.72538423538208	2.60024642944336	3.576904535293579	4.557164192199707	0.0088655184954404	3.762060403823853	0.0028741739224642	0.1230522692203521	0.8210930824279785
unterschiedlicher	unterschiedlicher	102	13	6	596,612	p1	7	physics	1	17			0	0	0	0	0	0	0	0	0	0	0	0	ADJA	unterschiedlicher	17.0	adja	unterschiedlich	15.0	un-ter-schied-li-cher	5.0	6.54006319679	6.54006319679	42.82923886	23.7976549573	28.6817524123	59.6303673634	12.1819691338	32131.2896105	85837.2075103	6023234.52282	13306065.9766	1173640.54997	2308361.37296	441997.17278	597134.82136	32509.3788389	28906.6542257	2137.73410698	0.025683997485	0.278623941418	12.189042783	0.428085856899	13.5297557384	1.7123434276	23.3071502176	0.856171713799	24.6887385679	3.4246868552	5.539896965026856	7.519985198974609	5.896791458129883	5.008920669555664	3.1803345680236816	2.274132251739502	2.1670703887939453	2.4294657707214355	0.4882393106818199	0.3955507948994636
Frequenz	Frequenz	103	14	6	613,620	p1	7	physics	1	8			0	0	0	0	0	0	0	0	1	0	0	0	NN	Frequenz	8.0	nn	Frequenz	8.0	fre-quenz	2.0	3.2618565194	3.2618565194	5.03584866153	266.4176494	99.7440046576	19.4145382113	5.86596730266	82.1677189887	742.300875864	2598468.12754	5645330.86756	251747.813495	599083.040095	25984.6112149	67359.3095831	11807.4546207	3907.63870961	945.668613019	0.00601452842857	0.134570705043	0.0	0.0	0.00817507899599	0.428085856899	0.0	0.0	0.310653001848	1.2842575707	12.510050773620604	2.7311015129089355	10.063854217529297	3.9251880645751953	2.3558096885681152	0.9263980984687804	2.2745883464813232	1.4293601512908936	0.9577072858810424	0.0013762774178758
absorbieren	absorbieren	104	15	6	621,631	p1	7	physics	1	11			0	0	0	0	0	0	0	0	1	0	0	0	VVINF	absorbieren	11.0	vvinf	absorbieren	11.0	ab-sor-bie-ren	4.0	0.580430608715	0.703056793655	2.47704893579	41.1206473498	93.750802661	8.19444794635	1.33458515352	13900.4219951	34387.280713	3852669.78909	8867422.66629	757641.64896	1364025.37693	402464.608101	540354.369472	41334.1231877	4277.97796321	288.008033029	0.0133104521977	0.259584109942	0.0	0.0	0.0735757109639	0.856171713799	0.0	0.0	0.384228712812	2.5685151414	7.795359134674072	5.54441499710083	7.087879657745361	4.666917324066162	3.771316766738892	2.557161331176758	4.23457670211792	2.5742201805114746	0.0050193533097626	0.0020955850850441
bzw.	bzw.	105	16	6	632,635	p1	7	physics	1	4			0	0	0	0	0	0	1	0	0	0	0	0	KON	bzw.	4.0	xy	bzw.	4.0			140.382456519	140.382456519	140.382456519	140.382456519	0.428085856899	463.427548473	245.299854903	140.382456519	0.428085856899	245581.253308	461457.71796	77992.9186975	21854.2110806	75071.7831205	16604.5942174	20337.830725	140.840260943	140.676759363	0.0857347034019	0.421104414855	0.0	0.0	0.00817507899599	0.428085856899	0.0	0.0	10.6112525368	1.7123434276	6.478862285614014	6.699204921722412	5.720256328582764	5.7541608810424805	4.231543064117432	1.7123485803604126	3.243638515472412	2.159064769744873	32.975411891937256	32.15155911445618
emittieren	emittieren.	106	17	6	636,645	p1	7	physics	1	10		$.	0	0	0	0	1	1	0	0	1	0	0	0	VVINF	emittieren	10.0	vvinf	emittieren	10.0	e-mit-tie-ren	4.0	0.0735757109639	0.0817507899599	0.4087539498	1.79034230012	4.28085856899	1.26068429944	0.155184320176	24184.2871434	49015.830615	4532266.73841	9923582.39368	803306.888125	1462479.98699	413378.191409	544708.002637	45007.5949345	351.569272223	6.61363890776	0.1006507712	0.2321757104	0.0	0.0	0.024525236988	1.2842575707	0.171676658916	0.428085856899	0.28612776486	2.9966009983	6.642130374908447	4.8347249031066895	4.184014320373535	1.4129598140716553	9.955464363098145	0.1802869737148285	0.5423943400382996	0.2711592614650726	27.53025568582234	27.92690783106809
Befindet	Befindet	107	1	7	647,654	p1	7	physics	1	8			0	0	0	1	0	0	0	0	0	0	0	0	VVFIN	Befindet	8.0	vvfin	befinden	8.0	be-fin-det	3.0	0.629481082691	0.629481082691	138.616639456	25.7841991534	18.8357777036	6.68162678702	1.19491926536	24382.3447822	49258.5552959	2970256.40571	6204699.09845	376597.775249	531106.858792	143889.851536	209614.38026	17498.1271098	8127.15668292	258.185344851	3.24765064935e-05	0.039250060961	42.7066126751	0.856171713799	42.7147877541	1.2842575707	42.7066126751	0.856171713799	42.755663149	2.1404292845	11.035026550292969	12.286438941955566	11.43186378479004	10.579353332519531	23.986724853515625	10.285338401794434	21.94028663635254	9.763124465942385	0.0030739150242879	0.0076357194921001
sich	sich	108	2	7	655,658	p1	7	physics	1	4			0	0	0	0	0	0	0	0	0	0	0	0	PRF	sich	4.0	prf	sich	4.0	sich	1.0	6557.46793998	6557.46793998	6566.55045274	6557.81946837	0.856171713799	6282.99841154	11211.8033194	6926.29480396	1064.22144025	990057.517976	2298056.06212	287477.77288	411907.636196	194753.386357	108862.23341	48925.779496	15113.3748159	6879.41072592	0.109257424523	0.373105981887	0.0	0.0	1254.85010065	21.404292845	0.0	0.0	4636.93750684	29.5379241261	4.084356307983398	2.879304885864258	4.45970630645752	2.222726345062256	12.889719009399414	5.5913801193237305	9.92755889892578	5.209314346313477	0.0017277565784752	0.0005772831500507
ein	ein	109	3	7	659,661	p1	7	physics	1	3			0	0	0	0	0	0	0	0	0	0	0	0	ART	ein	3.0	art	eine	4.0	ein	1.0	4621.55200817	4999.44503476	17543.4333976	4999.44503476	0.428085856899	5809.23325181	8404.82933604	11022.7206128	11717.9941609	1614569.79583	3344143.78548	401662.305848	493686.589782	324158.412201	289382.186491	45007.5949345	21503.4825387	20569.6023896	0.0272545875843	0.196343258894	0.0	0.0	1145.39396797	31.6783534106	13165.4578681	0.428085856899	22077.4630101	57.7915906814	0.0347459465265274	8.539668083190918	0.0747922137379646	5.530223846435547	3.7369484901428223	2.930988311767578	2.7181761264801025	2.3202600479125977	0.0285839084535837	0.0002980979916173
Atom	Atom	110	4	7	662,665	p1	7	physics	1	4			0	0	0	0	0	0	0	0	1	0	0	0	NN	Atom	4.0	nn	Atom	4.0	a-tom	2.0	3.0656546235	3.0656546235	10.6112525368	3.13923033446	1.7123434276	20.4230856509	5.40041434213	9726.23483485	36663.8413	522230.373775	1451030.83074	62763.8338135	119358.470535	52990.6822003	71550.698208	19822.5963712	307.162243116	70.9596856852	0.0116412412533	0.117839640387	27.8034436654	0.428085856899	28.1140966672	4.70894442589	32.8311172479	0.856171713799	36.648879139	8.56171713799	2.2833917140960693	0.0419737137854099	2.939242362976074	0.0152711691334843	9.421136856079102	0.53690505027771	8.095968246459961	0.4505987763404846	0.2854567170143127	0.0004051103023812
in	in	111	5	7	666,667	p1	7	physics	1	2			0	0	0	0	0	0	0	0	0	0	0	0	APPR	in	2.0	appr	in	2.0	in	1.0	13129.4221199	13165.4578681	14298.1641135	0.0	0.0	8527.89894355	19687.5208529	18583.5486983	15158.092107	842500.587604	1735372.30627	309490.415689	350022.68855	273957.116004	252232.89583	37971.7622471	15391.66268	-0.00817507899599	0.0682365415668	0.281559937821	0.0	0.0	9683.14399346	42.380499833	0.0	0.0	17389.6438116	75.7711966712	9.866081237792969	0.6180680990219116	9.093866348266602	1.2361133098602295	0.3606641590595245	0.0066932057961821	0.2984169423580169	0.0073467562906444	2.310192108154297	2.81329957942944e-05
einem	einem	112	6	7	668,672	p1	7	physics	1	5			0	0	0	0	0	0	0	0	0	0	0	0	ART	einem	5.0	art	eine	4.0	ei-nem	2.0	1782.61685047	1790.34230012	17543.4333976	7303.86082739	14.1268332777	3919.97176067	3153.9350864	17827.7708202	6388.75332837	2493277.74291	5201994.02392	301314.568235	387807.68671	171268.730649	89262.7505372	45007.5949345	21503.4825387	20569.6023896	0.0251622544387	0.156656778568	4450.57840605	0.856171713799	5459.35045384	11.5583181363	9052.86175303	1.2842575707	10785.1855175	20.9762069881	1.816658973693848	1.565888285636902	2.69691014289856	1.1187108755111694	2.1839466094970703	0.5499445796012878	1.9866018295288088	0.4616718292236328	0.0139546887949109	4.949382781982422
Kristallgitter	Kristallgitter,	113	7	7	673,686	p1	7	physics	1	14		$,	0	0	0	0	0	0	0	0	1	0	0	0	NN	Kristallgitter	14.0	nn	Kristallgitter	14.0	kri-stall-git-ter	4.0	0.188026816908	0.188026816908	0.253427448876	41.7337782745	218.751872876	1.38675272938	0.356923936405	11246.1618719	32528.1038365	4024341.73099	9940396.32189	582942.548888	1302687.52301	262284.852665	338143.306021	13511.0511576	2119.20937797	794.478702068	0.028753546913	0.220935966478	0.0	0.0	0.0	0.0	0.0	0.0	0.0654006319679	0.856171713799	15.925821304321287	16.101974487304688	7.454147815704346	7.403161525726318	6.708389759063721	8.424107551574707	5.98009204864502	7.323761940002441	27.57654571533203	28.505726382136345
überträgt	überträgt	114	8	7	688,696	p1	7	physics	1	9			0	0	1	0	0	0	0	0	0	0	0	0	VVFIN	überträgt	9.0	vvfin	übertragen	10.0	ü-ber-trägt	3.0	4.43089281583	4.43089281583	54.7566791152	504.083545972	166.525398334	44.5021557702	8.33339799347	16875.1697402	24872.2163717	2277153.98882	5534572.64189	347452.956447	645439.173281	126232.228635	149218.743311	4201.6554257	4185.99197435	3864.02466317	0.0549185754723	0.24685776721	0.0	0.0	0.220727132892	0.856171713799	0.0	0.0	0.24525236988	2.1404292845	8.317769050598145	1.8292531967163088	5.606662273406982	1.8607683181762693	9.994163513183594	9.26891803741455	10.633678436279297	10.602622985839844	0.0067477667471393	0.021332106902264
sich	sich	115	9	7	697,700	p1	7	physics	1	4			0	0	0	0	0	0	0	0	0	0	0	0	PRF	sich	4.0	prf	sich	4.0	sich	1.0	6557.46793998	6557.46793998	6566.55045274	6557.81946837	0.856171713799	6282.99841154	11211.8033194	6926.29480396	1064.22144025	990057.517976	2298056.06212	287477.77288	411907.636196	194753.386357	108862.23341	48925.779496	15113.3748159	6879.41072592	0.109257424523	0.373105981887	0.0	0.0	1254.85010065	21.404292845	0.0	0.0	4636.93750684	29.5379241261	7.060448169708252	2.61178994178772	1.4783191680908203	2.275878667831421	3.0752272605896	6.738410472869873	2.19921875	6.483390808105469	0.473476231098175	6.556489552167477e-06
der	der	116	10	7	701,703	p1	7	physics	1	3			0	0	0	0	0	0	0	0	0	0	0	0	ART	der	3.0	art	d	1.0	der	1.0	24738.5901996	26530.3631386	80100.3069113	26530.3631386	0.428085856899	9372.80956103	30912.3596552	38163.5169	19310.096833	1332151.97174	2710999.66609	487983.455471	535760.152056	398226.025843	178781.068331	110461.430317	53801.2331077	27238.2432288	0.129811235347	0.318759302208	0.0	0.0	25590.4497812	36.8153836934	0.0	0.0	33289.1996244	55.22307554	0.5476034879684448	0.0961570963263511	0.3691664338111877	0.1658051013946533	0.5680708289146423	2.6633334159851074	0.3065153956413269	2.625966787338257	26.761871337890625	0.064269982278347
Rückstoß	Rückstoß	117	11	7	704,711	p1	7	physics	1	8			0	0	0	0	0	0	0	0	1	0	0	0	NN	Rückstoß	8.0	nn	Rückstoß	8.0	rück-stoß	2.0	0.482329660764	0.482329660764	0.604955845703	61.0269647051	24.8289797002	4.16025818814	0.91558748904	1189.88274787	2573.65217168	916224.741653	2562165.77197	83161.9884464	254417.846043	23636.900204	57097.6635074	9222.31479046	423.509967387	329.578309723	0.0178111062712	0.173680539576	0.0	0.0	0.00817507899599	0.428085856899	0.0	0.0	0.00817507899599	0.428085856899	10.677690505981444	2.4354052543640137	9.909551620483398	1.8661561012268064	6.778573989868164	0.8128917813301086	7.809850215911865	0.6051940321922302	3.4596540927886963	0.0030598440789617
auf	auf	118	12	7	712,714	p1	7	physics	1	3			0	0	0	0	0	0	0	0	0	0	0	0	APPR	auf	3.0	appr	auf	3.0	auf	1.0	5092.06867979	5591.37797963	5914.8658555	5591.37797963	0.428085856899	6569.04767908	9351.09676518	8980.91288279	7572.83880855	489216.952266	1286948.94648	95233.9886234	112163.203452	83805.1382611	46267.0913278	41334.1231877	16266.7803613	7317.89743803	0.0692951484301	0.289895292654	0.0	0.0	3235.89246851	19.2638635605	0.0	0.0	3376.16047392	32.5345251244	2.0140535831451416	5.520820617675781	1.6465420722961426	5.148826599121094	0.0186514593660831	0.7984758615493774	0.0031751003116369	0.7021377086639404	0.0005099665140733	0.0095574436709284
dieses	dieses	119	13	7	715,720	p1	7	physics	1	6			0	0	0	0	0	0	0	0	0	0	0	0	PDS	dieses	6.0	pds	diese	5.0	die-ses	2.0	22.367016133	510.525508221	4932.97346745	2820.73743186	17.5515201329	1825.0926603	945.569099698	34799.6190446	5123.75962123	2673213.44705	5709885.78669	429144.248182	545017.936797	273552.253392	180125.686008	110461.430317	29991.8223867	29048.3692201	0.0180250275644	0.157507133053	1741.99488294	0.856171713799	2310.3018495	7.70554542419	2879.48354952	1.2842575707	3447.88861703	10.2740605656	1.906266689300537	0.8178094029426575	2.9229655265808105	0.3882474303245544	0.4370129704475403	0.003834159579128	0.3631673455238342	0.0067062312737107	0.0063897827640175	27.40729141235352
und	und	120	14	7	721,723	p1	7	physics	1	3			0	0	0	0	0	0	0	0	0	0	0	0	KON	und	3.0	kon	und	3.0	und	1.0	22313.7473183	22313.7473183	23398.5884761	22313.7473183	0.428085856899	9064.0679761	29467.6401896	23513.5137367	723.037012303	869972.90787	1656300.13956	195202.966651	251153.263298	160187.509171	58920.0250002	32509.3788389	28906.6542257	22352.5789435	0.120238001286	0.419307858966	0.0	0.0	2201.34439665	22.6885504157	0.0	0.0	2454.42031712	42.8085856899	7.973859786987305	5.954191207885742	9.1839599609375	5.343330383300781	0.0008722314960323	1.198750138282776	1.5735502529423684e-05	0.844407320022583	0.3111797571182251	0.0110383108258247
die	die	121	15	7	724,726	p1	7	physics	1	3			0	0	0	0	0	0	0	0	0	0	0	0	ART	die	3.0	art	d	1.0	die	1.0	20527.116504	24520.1275636	80100.3069113	24520.1275636	0.428085856899	9091.29875697	30440.211361	33694.5118659	1928.95487119	1361337.08551	2613060.47141	356516.797331	303924.26305	343523.065172	189343.230678	110461.430317	29991.8223867	29048.3692201	0.0938387928357	0.266249299869	0.0	0.0	15201.9436218	35.5311261227	0.0	0.0	15852.8515865	58.2196765383	2.703831195831299	3.773319721221924	0.7255914211273193	4.406020164489746	0.3164891302585602	0.2416299730539322	0.6936694383621216	0.0554080158472061	2.3708155155181885	0.0168346893042325
Energie	Energie	122	16	7	727,733	p1	7	physics	1	7			0	0	0	0	0	0	0	0	1	0	0	0	NN	Energie	7.0	nn	Energie	7.0	e-ner-gie	3.0	35.9294721874	35.9294721874	41.0388965599	36.0193980563	3.8527727121	230.579158367	65.0222301539	13112.9329856	33433.5054238	2876982.82556	6217316.07291	450008.17794	759201.705494	203236.919258	239974.229231	14903.9783425	1881.82960917	74.0743907827	0.0311393321197	0.222351012169	0.0	0.0	0.0981009479519	1.7123434276	0.0	0.0	6.42561209085	4.28085856899	1.8523097038269043	7.866835117340088	1.503419041633606	7.504946708679199	4.624361515045166	2.665128231048584	5.247138977050781	3.590131998062134	1.0888385772705078	1.587561845779419
von	von	123	17	7	734,736	p1	7	physics	1	3			0	0	0	0	0	0	0	0	0	0	0	0	APPR	von	3.0	appr	von	3.0	von	1.0	7955.34104766	7955.34104766	8265.3727435	7955.34104766	0.428085856899	7856.20634881	12401.4928732	8585.23905938	340.756342092	620899.645044	1436353.90714	258695.641457	333765.271963	253104.606831	264495.4152	23102.1601118	13320.2529889	7993.18348833	0.0874371201871	0.312235645495	0.0	0.0	3224.03042889	30.8221816968	0.0	0.0	3276.15473257	38.9558129779	5.083096981048584	1.3471086025238037	5.202335357666016	1.4020819664001465	2.5257954597473145	5.158404350280762	2.7184882164001465	4.186783313751221	0.0860823541879654	0.0652143731713295
absorbiertem	absorbiertem	124	18	7	737,748	p1	7	physics	1	12			0	0	0	0	0	0	0	0	1	0	0	0	ADJA	absorbiertem	12.0	adja	absorbiert	10.0	ab-sor-bier-tem	4.0			0.539555213736																										13.033220291137695	12.071528434753418	10.0343656539917	8.157995223999023	11.924582481384276	7.041629791259766	10.151740074157717	7.213333606719971	0.0476031418511411	0.0082338745619381
und	und	125	19	7	749,751	p1	7	physics	1	3			0	0	0	0	0	0	0	0	0	0	0	0	KON	und	3.0	kon	und	3.0	und	1.0	22313.7473183	22313.7473183	23398.5884761	22313.7473183	0.428085856899	9064.0679761	29467.6401896	23513.5137367	723.037012303	869972.90787	1656300.13956	195202.966651	251153.263298	160187.509171	58920.0250002	32509.3788389	28906.6542257	22352.5789435	0.120238001286	0.419307858966	0.0	0.0	2201.34439665	22.6885504157	0.0	0.0	2454.42031712	42.8085856899	3.0392541885375977	11.202045440673828	2.3994460105896	7.391494750976562	1.832677841186524	7.819823804311454e-05	1.6853156089782717	4.458328112377785e-05	0.2726978063583374	3.8944945335388175
emittiertem	emittiertem	126	20	7	752,762	p1	7	physics	1	11			0	0	0	0	0	0	0	0	1	0	0	0	ADJA	emittiertem	11.0	adja	emittieren	10.0	e-mit-tier-tem	4.0			0.4087539498																										4.787139892578125	1.648508071899414	3.799246072769165	0.3224621415138244	0.7679038643836975	0.0789391994476318	0.4416424036026001	0.1020887270569801	0.0078696873388253	0.0008933896633607
Photon	Photon	127	21	7	763,768	p1	7	physics	1	6			0	0	0	0	0	0	0	1	0	0	0	0	NN	Photon	6.0	nn	Photon	6.0	pho-ton	2.0	0.04087539498	0.04087539498	0.277952685864	4.46359313181	15.4110908484	0.504273719775	0.0775921600881	529.687893387	3655.42513206	1203252.05133	3006413.15422	244396.839688	414859.716265	220143.358676	294427.178315	10343.3797233	496.832250902	50.0805339295	3.3684e-05	0.1006119042	2.4525236988	1.7123434276	2.46887385679	2.5685151414	4.4962934478	2.1404292845	4.54534392177	3.4246868552	8.301380157470703	0.7109516859054565	6.203109264373779	0.3440693318843841	1.469181776046753	0.038238164037466	0.3399859070777893	0.0448893830180168	0.7788428366184235	0.0355233380978461
entsprechen	entsprechen	128	22	7	769,779	p1	7	physics	1	11			0	0	0	0	0	0	0	0	0	0	0	0	VVFIN	entsprechen	11.0	vvfin	entsprechen	11.0	ent-spre-chen	3.0	12.262618494	30.9099736838	115.628317319	247.418765814	209.333984024	234.361211265	58.2096384981	11762.4508109	22812.6953142	4530565.00579	10099007.2689	864185.450621	1724312.70816	441451.142903	618414.54122	45007.5949345	2892.41652449	2177.579442	0.0585244411568	0.309913313033	0.0	0.0	8.46120676085	1.7123434276	71.7281431108	0.428085856899	85.0208215583	3.8527727121	9.914422035217283	10.562153816223145	8.85296630859375	10.091053009033203	9.12202262878418	7.399921417236328	9.159981727600098	6.556212425231934	0.963170051574707	0.0446962788701057
in	in	129	23	7	780,781	p1	7	physics	1	2			0	0	0	0	0	0	0	0	0	0	0	0	APPR	in	2.0	appr	in	2.0	in	1.0	13129.4221199	13165.4578681	14298.1641135	0.0	0.0	8527.89894355	19687.5208529	18583.5486983	15158.092107	842500.587604	1735372.30627	309490.415689	350022.68855	273957.116004	252232.89583	37971.7622471	15391.66268	-0.00817507899599	0.0682365415668	0.281559937821	0.0	0.0	9683.14399346	42.380499833	0.0	0.0	17389.6438116	75.7711966712	0.1554920822381973	0.030056320130825	0.0613824501633644	0.0131392143666744	0.0064221192151308	0.5044070482254028	0.0519742891192436	0.2413303405046463	0.0464423485100269	0.1153542548418045
etwa	etwa	130	24	7	782,785	p1	7	physics	1	4			0	0	0	0	0	0	0	0	0	0	0	0	ADV	etwa	4.0	adv	etwa	4.0	et-wa	2.0	382.348444643	382.348444643	395.493971668	382.405670196	1.7123434276	1461.38523991	702.131456638	3277.83062376	4892.16517265	1354004.10505	3118736.88987	84849.8806565	106584.816651	55710.5718576	35306.3810478	45007.5949345	1193.08737883	1013.96322295	0.0141229231129	0.183056295258	0.0	0.0	13.2027525785	1.7123434276	618.739028891	0.428085856899	632.644838263	5.56511613969	2.963306903839112	1.6756882667541504	1.1200172901153564	2.867803812026977	2.620337963104248	0.535292387008667	1.262781262397766	0.4596509933471679	0.0001259962882613	1.5088783502578735
der	der	131	25	7	786,788	p1	7	physics	1	3			0	0	0	0	0	0	0	0	0	0	0	0	ART	der	3.0	art	d	1.0	der	1.0	24738.5901996	26530.3631386	80100.3069113	26530.3631386	0.428085856899	9372.80956103	30912.3596552	38163.5169	19310.096833	1332151.97174	2710999.66609	487983.455471	535760.152056	398226.025843	178781.068331	110461.430317	53801.2331077	27238.2432288	0.129811235347	0.318759302208	0.0	0.0	25590.4497812	36.8153836934	0.0	0.0	33289.1996244	55.22307554	5.37132453918457	0.2331999540328979	5.535665512084961	0.4513711333274841	3.1238393783569336	0.0016375477425754	5.757344722747803	0.0035854596644639	0.0010347970528528	0.0293936040252447
Anregungsenergie	Anregungsenergie.	132	26	7	789,804	p1	7	physics	1	16		$.	0	0	0	0	1	1	0	0	1	0	0	0	NN	Anregungsenergie	16.0	nn	Anregungsenergie	16.0	an-re-gungs-e-ner-gie	6.0	0.016350157992	0.016350157992	0.016350157992	0.604955845703	4.70894442589	0.126068429944	0.0310368640353	37224.6908281	87639.020882	6426250.48277	14164720.1603	837369.744525	1715242.85311	256647.032062	437182.681359	19822.5963712	3723.58498109	66.9375468192	0.000399834	0.0849420845	0.0	0.0	0.0	0.0	0.0	0.0	0.0	0.0	14.165675163269045	9.163825035095217	11.305583953857422	6.258752822875977	7.924830913543701	5.917632102966309	8.61180305480957	4.99408483505249	26.279840650153343	24.77081907790307
Dies	Dies	133	1	8	806,809	p1	7	physics	1	4			0	0	0	1	0	0	0	0	0	0	0	0	PDS	Dies	4.0	pds	diese	5.0	dies	1.0	121.318172301	121.32634738	4932.97346745	129.395150349	6.84937371039	612.692569527	230.215938982	554.33575656	190.49820632	1431937.88523	3142809.86995	220225.272967	347484.995591	124325.775688	178158.631495	19121.5915224	6400.40832231	5199.86527143	0.00281227133196	0.0104311064619	315.59892464	0.428085856899	372.889878244	23.5447221295	4781.07232462	1.2842575707	4855.23664127	32.5345251244	6.566684722900391	4.052720069885254	6.611855030059815	4.419413089752197	13.11674976348877	1.5120506286621094	17.34070587158203	2.99937391281128	3.652589082717896	0.0424487851560115
wird	wird	134	2	8	810,813	p1	7	physics	1	4			0	0	0	0	0	0	0	0	0	0	0	0	VAFIN	wird	4.0	vafin	werden	6.0	wird	1.0	2344.60448097	2347.81728702	8998.09689884	2352.31358046	4.70894442589	4665.03618164	4186.0194446	2383.28895478	15.8391767053	988692.582261	1945833.01227	114090.380583	81194.6163923	94464.2477104	32816.2056182	34258.3961147	10849.3026621	4840.94660319	0.0454900900655	0.324052246465	0.0	0.0	89.680616586	11.5583181363	0.0	0.0	1784.98762338	16.2672625622	4.072543144226074	2.684312582015991	4.245782852172852	1.166527509689331	6.011499881744385	1.831595540046692	8.023380279541016	1.4484740495681765	0.083115816116333	0.0299454927444458
in	in	135	3	8	814,815	p1	7	physics	1	2			0	0	0	0	0	0	0	0	0	0	0	0	APPR	in	2.0	appr	in	2.0	in	1.0	13129.4221199	13165.4578681	14298.1641135	0.0	0.0	8527.89894355	19687.5208529	18583.5486983	15158.092107	842500.587604	1735372.30627	309490.415689	350022.68855	273957.116004	252232.89583	37971.7622471	15391.66268	-0.00817507899599	0.0682365415668	0.281559937821	0.0	0.0	9683.14399346	42.380499833	0.0	0.0	17389.6438116	75.7711966712	2.98363733291626	4.83262825012207	3.1255972385406494	4.421065330505371	5.730009078979492	3.927968978881836	6.988219261169434	3.5845189094543457	0.3970758318901062	27.69997787475586
der	der	136	4	8	816,818	p1	7	physics	1	3			0	0	0	0	0	0	0	0	0	0	0	0	ART	der	3.0	art	d	1.0	der	1.0	24738.5901996	26530.3631386	80100.3069113	26530.3631386	0.428085856899	9372.80956103	30912.3596552	38163.5169	19310.096833	1332151.97174	2710999.66609	487983.455471	535760.152056	398226.025843	178781.068331	110461.430317	53801.2331077	27238.2432288	0.129811235347	0.318759302208	0.0	0.0	25590.4497812	36.8153836934	0.0	0.0	33289.1996244	55.22307554	1.4000558853149414	5.612476348876953	1.3621869087219238	5.778835296630859	3.204068660736084	2.905656814575196	4.204047203063965	4.809344291687012	0.0017322786152362	0.2400701642036438
Mößbauerspektroskopie	Mößbauerspektroskopie	137	5	8	819,839	p1	7	physics	1	21			0	0	0	0	0	0	0	1	0	0	0	0	NN	Mößbauerspektroskopie	21.0	nn	Mößbauerspektroskopie	21.0	möß-bau-er-spek-tro-sko-pie	7.0																													39.06193542480469	42.76670837402344	33.26481246948242	26.82345390319824	37.43589782714844	7.9735636711120605	42.25310897827149	13.03884983062744	15.09501556019086	14.435436474617743
benutzt	benutzt,	138	6	8	840,846	p1	7	physics	1	7		$,	0	0	0	0	0	0	0	0	0	0	0	0	VVFIN	benutzt	7.0	vvfin	benutzen	8.0	be-nutzt	2.0	6.98969254157	41.6929028796	77.3035469861	64.4523228044	18.4076918467	236.126169285	78.8646715136	22440.6654197	47181.0546323	2107229.74801	4848610.43331	356445.036487	631883.406536	135333.838384	117819.073793	20337.830725	14068.4280436	207.46715476	0.0781655184999	0.36950431145	0.0	0.0	16.7670870208	2.9966009983	0.0	0.0	27.4028647946	3.8527727121	8.78525447845459	10.208500862121582	6.492355823516846	6.738795757293701	5.442124366760254	4.1277265548706055	6.505884170532227	6.967033386230469	31.32278347015381	31.317014932632446
um	um	139	7	8	848,849	p1	7	physics	1	2			0	0	1	0	0	0	0	0	0	0	0	0	KOUI	um	2.0	koui	um	2.0	um	1.0	852.284685648	2023.33205151	2173.54912806	0.0	0.0	4188.62358488	3500.91170788	3894.37873148	7287.305542	284093.257475	675479.670203	72866.620962	59765.4945676	72242.2084283	40588.5324361	32509.3788389	2649.44500165	-0.00817507899599	0.0281983861756	0.174663736456	4320.93800333	0.428085856899	7422.20327094	36.8153836934	4320.93800333	0.428085856899	9288.90898396	64.2128785349	4.415445804595947	1.8819849491119385	3.0500388145446777	2.28896427154541	11.674810409545898	2.764751434326172	11.30748176574707	1.2836114168167114	1.2146066427230835	0.0599699616432189
mit	mit	140	8	8	850,852	p1	7	physics	1	3			0	0	0	0	0	0	0	0	0	0	0	0	APPR	mit	3.0	appr	mit	3.0	mit	1.0	6311.02200856	6389.55999248	6727.32973136	6389.55999248	0.428085856899	6848.28925141	10606.5379154	9545.0750843	6105.78857696	754691.189375	1756517.60717	154872.35076	192565.004837	138846.449102	106042.43187	21052.512481	9522.82251927	6974.74032209	0.0635514315396	0.282257671036	0.0	0.0	1501.70478601	30.3940958399	0.0	0.0	1518.70077524	44.5209291175	15.684457778930664	3.0303831100463867	13.657590866088867	2.882150888442993	8.435452461242676	0.007911654189229	5.279048442840576	0.0019026764202862	2.507599115371704	0.0603369064629077
Hilfe	Hilfe	141	9	8	853,857	p1	7	physics	1	5			0	0	0	0	0	0	0	0	0	0	0	0	NN	Hilfe	5.0	nn	Hilfe	5.0	hil-fe	2.0	106.34142758	106.34142758	110.82137087	117.222457724	13.6987474208	616.600690855	193.8252159	2959.20691989	10904.6310328	1387912.33801	3110251.8001	166984.122697	288201.525698	145889.050755	208920.025	10830.0176507	1321.5015197	232.025092064	0.0177400873106	0.214942668687	0.0	0.0	10.3496500089	7.27745956729	0.0	0.0	16.5627100459	9.41788885179	1.7572860717773438	10.804977416992188	0.1289636939764022	7.768604278564453	1.4016634225845337	0.7082699537277222	1.3205490112304688	0.8819838762283325	6.914114692335716e-06	4.10775899887085
der	der	142	10	8	858,860	p1	7	physics	1	3			0	0	0	0	0	0	0	0	0	0	0	0	ART	der	3.0	art	d	1.0	der	1.0	24738.5901996	26530.3631386	80100.3069113	26530.3631386	0.428085856899	9372.80956103	30912.3596552	38163.5169	19310.096833	1332151.97174	2710999.66609	487983.455471	535760.152056	398226.025843	178781.068331	110461.430317	53801.2331077	27238.2432288	0.129811235347	0.318759302208	0.0	0.0	25590.4497812	36.8153836934	0.0	0.0	33289.1996244	55.22307554	0.057778175920248	0.1842216700315475	0.0408114269375801	0.0150315221399068	6.762170791625977	0.0682567954063415	6.535878658294678	0.0168385580182075	4.255681051290594e-05	0.2329024076461792
Dopplerverschiebung	Dopplerverschiebung	143	11	8	861,879	p1	7	physics	1	19			0	0	0	0	0	0	0	1	0	0	0	0	NN	Dopplerverschiebung	19.0	nn	Dopplerverschiebung	20.0	dop-pler-ver-schie-bung	5.0	0.016350157992	0.016350157992	0.016350157992	0.662181398675	23.9728079864	0.252136859888	0.0310368640353	16595.4921127	43028.1937345	5242858.51055	12137482.7695	811742.515063	1813399.08732	165930.706543	452420.825521	19121.5915224	954.693900231	49.9170323495	6.16e-07	0.0083472325	0.0	0.0	0.0	0.0	0.0	0.0	0.0	0.0	15.420612335205078	14.45989227294922	11.715913772583008	10.579547882080078	7.791211128234863	8.280576705932617	5.625006675720215	4.37636661529541	0.1295262273688422	0.0700924567572656
der	der	144	12	8	880,882	p1	7	physics	1	3			0	0	0	0	0	0	0	0	0	0	0	0	ART	der	3.0	art	d	1.0	der	1.0	24738.5901996	26530.3631386	80100.3069113	26530.3631386	0.428085856899	9372.80956103	30912.3596552	38163.5169	19310.096833	1332151.97174	2710999.66609	487983.455471	535760.152056	398226.025843	178781.068331	110461.430317	53801.2331077	27238.2432288	0.129811235347	0.318759302208	0.0	0.0	25590.4497812	36.8153836934	0.0	0.0	33289.1996244	55.22307554	8.24376106262207	5.238437175750732	6.096041679382324	1.7184247970581057	0.9082741737365724	9.378759384155272	4.053452491760254	9.050395965576172	3.5302209854125977	0.459354043006897
Emissionslinien	Emissionslinien	145	13	8	883,897	p1	7	physics	1	15			0	0	0	0	0	0	0	1	0	0	0	0	NN	Emissionslinien	15.0	nn	Emissionslinie	14.0	e-mis-si-ons-li-ni-en	7.0																													13.095420837402344	13.008769989013672	8.893506050109863	7.203157901763916	3.774552583694458	3.19568419456482	4.641148090362549	5.510396480560303	5.919734954833984	7.890097379684448
etwa	etwa	146	14	8	898,901	p1	7	physics	1	4			0	0	0	0	0	0	0	0	0	0	0	0	ADV	etwa	4.0	adv	etwa	4.0	et-wa	2.0	382.348444643	382.348444643	395.493971668	382.405670196	1.7123434276	1461.38523991	702.131456638	3277.83062376	4892.16517265	1354004.10505	3118736.88987	84849.8806565	106584.816651	55710.5718576	35306.3810478	45007.5949345	1193.08737883	1013.96322295	0.0141229231129	0.183056295258	0.0	0.0	13.2027525785	1.7123434276	618.739028891	0.428085856899	632.644838263	5.56511613969	0.2660073935985565	5.541020393371582	0.1225123405456543	4.66325569152832	0.0282279532402753	0.0143446680158376	0.0078089907765388	0.0011756658786907	0.0006304183625616	0.0010849310783669
Hyperfeinstrukturenaufspaltungen	Hyperfeinstrukturenaufspaltungen	147	15	8	902,933	p1	7	physics	1	32			0	0	0	0	0	0	0	1	0	0	0	0	NN	Hyperfeinstrukturenaufspaltungen	32.0	nn	Hyperfeinstrukturenaufspaltung	30.0	hy-per-fein-struk-tu-ren-auf-spal-tung	9.0																													50.48346710205078	50.143184661865234	37.22014617919922	33.7435302734375	32.533416748046875	35.62324142456055	29.89615631103516	26.539554595947266	14.970485216850648	13.784745764249235
in	in	148	16	8	934,935	p1	7	physics	1	2			0	0	0	0	0	0	0	0	0	0	0	0	APPR	in	2.0	appr	in	2.0	in	1.0	13129.4221199	13165.4578681	14298.1641135	0.0	0.0	8527.89894355	19687.5208529	18583.5486983	15158.092107	842500.587604	1735372.30627	309490.415689	350022.68855	273957.116004	252232.89583	37971.7622471	15391.66268	-0.00817507899599	0.0682365415668	0.281559937821	0.0	0.0	9683.14399346	42.380499833	0.0	0.0	17389.6438116	75.7711966712	0.941879153251648	6.697505950927734	1.0677226781845093	5.749588489532471	4.660538673400879	3.896135091781616	5.595191478729248	5.1602888107299805	0.0062860152684152	1.950834035873413
einer	einer	149	17	8	936,940	p1	7	physics	1	5			0	0	0	0	0	0	0	0	0	0	0	0	ART	einer	5.0	art	eine	4.0	ei-ner	2.0	2342.47896043	2431.18674262	17543.4333976	7303.86082739	14.1268332777	4894.732861	4237.55615733	21798.3739882	14462.4525895	2727078.92811	5805735.49431	528986.765912	752729.903509	325207.675415	207395.611264	45007.5949345	21503.4825387	20569.6023896	0.0318816192149	0.182077876037	0.0	0.0	4849.55496137	17.9796059898	4602.28334698	0.428085856899	10773.3725284	33.3906968382	1.7578704357147217	0.0016989572905004	1.6125128269195557	0.0045724124647676	0.1888272911310196	0.0015363806160166	0.2366047352552414	0.0064941318705677	0.2514232695102691	0.3203995823860168
Probe	Probe	150	18	8	941,945	p1	7	physics	1	5			0	0	0	0	0	0	0	0	0	0	0	0	NN	Probe	5.0	nn	Probe	5.0	pro-be	2.0	12.6386721278	12.6877226018	19.7101154593	96.8665110235	26.1132372709	96.1902120471	23.6656088269	24637.8977516	60012.500107	1316679.88264	3098678.07087	200338.919155	349267.973185	150310.141651	225061.002235	10343.3797233	3039.31451897	1551.10678838	0.00816241885309	0.111006277623	0.0	0.0	7.15319412149	6.84937371039	0.0	0.0	14.6415664818	10.7021464225	7.128973960876465	4.720314025878906	4.874730587005615	1.2613445520401	2.660315752029419	2.957274436950684	3.777078628540039	1.9286936521530151	0.039990197867155	0.0751512125134468
zu	zu	151	19	8	946,947	p1	7	physics	1	2			0	0	0	0	0	0	0	0	0	0	0	0	PTKZU	zu	2.0	ptkzu	zu	2.0	zu	1.0	5677.21630908	8897.95218113	9058.93583672	0.0	0.0	7088.44961045	13807.9438853	16158.8284432	13822.8923193	227861.336305	547892.533326	51760.5780638	28442.4524183	57219.5279387	16021.5412803	19838.2434724	15326.7362026	-0.00817507899599	0.0592554444736	0.308475260123	0.0	0.0	1383.3868677	35.9592119796	0.0	0.0	4752.13254498	50.5141311141	0.6911918520927429	0.0009773960337042	0.0059695523232221	0.0161604508757591	0.3332314491271972	0.0148040326312184	0.1852528303861618	0.0267198830842971	0.0071972860023379	1.609121322631836
analysieren	analysieren.	152	20	8	948,958	p1	7	physics	1	11		$.	0	0	0	0	1	1	0	0	0	0	0	0	VVINF	analysieren	11.0	vvinf	analysieren	11.0	a-naly-sie-ren	4.0	3.91586283908	4.16929028796	10.0308219281	9.47491655636	17.9796059898	35.803434104	7.89888189697	26688.6653682	59809.5874109	4130798.05113	9415811.35112	806145.373653	1470388.44511	412330.555035	547124.119213	41334.1231877	8435.34898599	47.4236332558	0.015297163878	0.210963670281	0.0	0.0	0.179851737912	0.428085856899	0.0	0.0	1.05458519048	2.1404292845	4.468113899230957	4.702325344085693	3.582933187484741	3.4254963397979736	3.479735851287842	3.253061056137085	3.1300506591796875	3.259070634841919	30.96827923132514	31.109617562571657
