word	word_with_punct	word_index_in_text	word_index_in_sent	sent_index_in_text	word_limit_char_indices	text_id	word_length	STTS_punctuation_before	STTS_punctuation_after	is_in_quote	is_in_parentheses	is_clause_beginning	is_sent_beginning	is_abbreviation	is_expert_technical_term	is_general_technical_term	contains_symbol	contains_hyphen	contains_abbreviation	STTS_PoS_tag	type	type_length_chars	PoS_tag	lemma	lemma_length_chars	syllables	type_length_syllables	annotated_type_frequency_normalized	type_frequency_normalized	lemma_frequency_normalized	familiarity_normalized	regularity_normalized	document_frequency_normalized	sentence_frequency_normalized	cumulative_syllable_corpus_frequency_normalized	cumulative_syllable_lexicon_frequency_normalized	cumulative_character_corpus_frequency_normalized	cumulative_character_lexicon_frequency_normalized	cumulative_character_bigram_corpus_frequency_normalized	cumulative_character_bigram_lexicon_frequency_normalized	cumulative_character_trigram_corpus_frequency_normalized	cumulative_character_trigram_lexicon_frequency_normalized	initial_letter_frequency_normalized	initial_bigram_frequency_normalized	initial_trigram_frequency_normalized	avg_cond_prob_in_bigrams	avg_cond_prob_in_trigrams	neighbors_coltheart_higher_freq_cum_freq_normalized	neighbors_coltheart_higher_freq_count_normalized	neighbors_coltheart_all_cum_freq_normalized	neighbors_coltheart_all_count_normalized	neighbors_levenshtein_higher_freq_cum_freq_normalized	neighbors_levenshtein_higher_freq_count_normalized	neighbors_levenshtein_all_cum_freq_normalized	neighbors_levenshtein_all_count_normalized	text_id_numeric	sent_surprisal_gpt2-base	text_surprisal_gpt2-base	sent_surprisal_gpt2-large	text_surprisal_gpt2-large	sent_surprisal_llama-7b	text_surprisal_llama-7b	sent_surprisal_llama-13b	text_surprisal_llama-13b	sent_surprisal_bert-base	text_surprisal_bert-base
Ein	Ein	1	1	1	1,3	b5	3			0	0	0	1	0	0	0	0	0	0	ART	Ein	3.0	art	eine	4.0	ein	1.0	562.600761425	562.682512215	17543.4333976	562.682512215	0.428085856899	1914.22304027	1063.64884892	11022.7206128	11717.9941609	859102.219201	1783188.21223	290087.985677	383818.354609	242134.778979	287624.465963	14903.9783425	3644.7281691	2977.8869754	0.0101295569273	0.0268804790931	4999.44503476	0.428085856899	5604.89138521	31.2502675537	18164.9029029	0.856171713799	19209.9723014	41.9524139761	5	4.330704212188721	4.330705165863037	4.394435882568359	4.39443302154541	14.961180686950684	14.720582008361816	17.72676658630371	17.567636489868164	0.7629249095916748	0.3932824730873108
Prion	Prion	2	2	1	4,8	b5	5			0	0	0	0	0	1	0	0	0	0	NN	Prion	5.0	nn	Prion	5.0	pri-on	2.0	0.04087539498	0.04087539498	0.04087539498	41.1042971919	18.8357777036	0.504273719775	0.0775921600881	3574.03008594	12975.2823226	1309542.43372	3018939.37448	260640.500926	472893.175455	228289.669569	327622.668002	10343.3797233	3039.31451897	422.422681881	8.4866e-05	0.0935278122	3.84228712812	2.5685151414	3.92403791808	4.70894442589	3.91586283908	2.9966009983	4.10388965599	6.84937371039	5	16.24089241027832	16.240894317626953	17.182735443115234	17.182716369628906	15.457207679748535	15.4832124710083	16.413272857666016	16.36849594116211	5.9679858684539795	0.0024374081622227095
ist	ist	3	3	1	9,11	b5	3			0	0	0	0	0	0	0	0	0	0	VAFIN	ist	3.0	vafin	sein	4.0	ist	1.0	6193.1128442	6201.98280491	17044.4184006	6201.98280491	0.428085856899	5647.61352462	10628.2947571	6392.98535058	321.920564388	917956.027182	2251465.76597	202181.475685	311508.232091	153618.244592	108375.49979	37971.7622471	6331.86028492	6216.50992029	0.0707295422332	0.285080866351	0.0	0.0	174.505236248	21.8323787019	0.0	0.0	350.048707529	42.380499833	5	6.44337797164917	6.443382740020752	6.957661151885986	6.957632064819336	7.964144706726074	7.987232208251953	8.311525344848633	8.30367374420166	1.2362616062164307	0.0023669579531997442
ein	ein	4	4	1	12,14	b5	3			0	0	0	0	0	0	0	0	0	0	ART	ein	3.0	art	eine	4.0	ein	1.0	4621.55200817	4999.44503476	17543.4333976	4999.44503476	0.428085856899	5809.23325181	8404.82933604	11022.7206128	11717.9941609	1614569.79583	3344143.78548	401662.305848	493686.589782	324158.412201	289382.186491	45007.5949345	21503.4825387	20569.6023896	0.0272545875843	0.196343258894	0.0	0.0	1145.39396797	31.6783534106	13165.4578681	0.428085856899	22077.4630101	57.7915906814	5	2.0143790245056152	2.0143775939941406	1.8231614828109741	1.8231544494628906	7.493062973022461	7.495980262756348	8.101747512817383	8.06482219696045	0.008548335172235966	0.007237525656819344
infektiöses	infektiöses	5	5	1	15,25	b5	11			0	0	0	0	0	0	1	0	0	0	ADJA	infektiöses	11.0	adja	infektiös	9.0	in-fek-ti-ö-ses	5.0			0.743932188635																										5	14.874712944030762	14.874727249145508	7.3292717933654785	7.32931661605835	9.1038179397583	9.056809425354004	5.927681922912598	5.9039483070373535	0.023612302459696366	0.0006028991720086196
Protein	Protein,	6	6	1	26,32	b5	7		$,	0	0	0	0	0	0	1	0	0	0	NN	Protein	7.0	nn	Protein	7.0	pro-tein	2.0	0.915608847551	0.915608847551	4.20199060394	268.951923889	97.6035753731	3.40384760848	1.6759906579	2303.61463489	13104.9923373	2360039.05464	5380268.66668	462687.586487	799903.252596	277768.861037	343196.431476	10343.3797233	3039.31451897	1551.10678838	0.0747068283036	0.294451931339	0.0	0.0	0.138976342932	1.7123434276	1.97019403803	0.428085856899	2.58332496273	3.4246868552	5	7.497647762298584	7.497654914855957	1.7246977090835571	1.7247000932693481	1.6268337965011597	1.6096910238265991	0.7391176223754883	0.7410135269165039	31.000209855730645	30.783396930624804
das	das	7	7	1	34,36	b5	3			0	0	1	0	0	0	0	0	0	0	PRELS	das	3.0	prels	die	3.0	das	1.0	865.29941141	7683.24989344	10789.1994813	7683.24989344	0.428085856899	6503.8703008	12246.2154424	9530.4416929	290.670296835	734069.119328	1662118.68252	216547.190476	169684.671958	215247.31204	124039.161294	110461.430317	19319.7963127	7903.50287175	0.0288325249482	0.178984875387	0.0	0.0	15300.9683536	34.6749544089	0.0	0.0	16474.0513142	50.942216971	5	6.575220584869385	6.575216293334961	1.6543933153152466	1.6544108390808105	4.469389915466309	4.4524383544921875	4.981328964233398	4.972877025604248	0.01081002876162529	0.00012039413559250534
von	von	8	8	1	37,39	b5	3			0	0	0	0	0	0	0	0	0	0	APPR	von	3.0	appr	von	3.0	von	1.0	7955.34104766	7955.34104766	8265.3727435	7955.34104766	0.428085856899	7856.20634881	12401.4928732	8585.23905938	340.756342092	620899.645044	1436353.90714	258695.641457	333765.271963	253104.606831	264495.4152	23102.1601118	13320.2529889	7993.18348833	0.0874371201871	0.312235645495	0.0	0.0	3224.03042889	30.8221816968	0.0	0.0	3276.15473257	38.9558129779	5	0.5017378330230713	0.5017415285110474	0.5401214361190796	0.5401201844215393	3.3286490440368652	3.298088550567627	0.7105069756507874	0.7105804681777954	0.004135509487241507	9.536697689327411e-06
einem	einem	9	9	1	40,44	b5	5			0	0	0	0	0	0	0	0	0	0	ART	einem	5.0	art	eine	4.0	ei-nem	2.0	1782.61685047	1790.34230012	17543.4333976	7303.86082739	14.1268332777	3919.97176067	3153.9350864	17827.7708202	6388.75332837	2493277.74291	5201994.02392	301314.568235	387807.68671	171268.730649	89262.7505372	45007.5949345	21503.4825387	20569.6023896	0.0251622544387	0.156656778568	4450.57840605	0.856171713799	5459.35045384	11.5583181363	9052.86175303	1.2842575707	10785.1855175	20.9762069881	5	2.147498846054077	2.1475071907043457	0.6522073745727539	0.6522263288497925	0.0022050845436751842	0.0021998509764671326	0.002116465475410223	0.002091008238494396	0.003018587129190564	0.0002244459028588608
endogenen	endogenen,	10	10	1	45,53	b5	9		$,	0	0	0	0	0	1	0	0	0	0	ADJA	endogenen	9.0	adja	endogen	7.0	en-do-ge-nen	4.0	0.498679818756	0.498679818756	1.29983756036	37.9650668574	11.9864039932	2.39530016893	0.931105921058	59012.6334156	127430.885538	4203366.37981	8764438.0517	949798.883655	1761562.59899	423605.40326	560661.478266	45007.5949345	2892.41652449	259.411606701	0.00348323985246	0.210025298639	0.0	0.0	0.171676658916	1.2842575707	0.0	0.0	0.425104107792	1.7123434276	5	14.058883666992188	14.058892250061035	13.635782241821289	13.635753631591797	11.369617462158203	11.313817024230957	12.068002700805664	12.058155059814453	29.45877516269684	29.87028169631958
zellulären	zellulären	11	11	1	55,64	b5	10			0	0	1	0	0	0	1	0	0	0	ADJA	zellulären	10.0	adja	zellulär	8.0	zel-lu-lä-ren	4.0	0.310653001848	0.310653001848	0.686706635663	1.35706311333	8.13363128109	1.76495801921	0.58970041667	10499.4910318	26857.2504902	3114941.76601	7221323.38462	508148.571302	1001507.2903	365170.772454	485734.894991	19838.2434724	986.037153102	4.37366726286	0.0263639825	0.129394272474	0.0	0.0	0.147151421928	1.2842575707	0.0	0.0	0.351528396828	1.7123434276	5	5.792783260345459	5.792788505554199	4.767000198364258	4.767016410827637	4.950257778167725	5.0088396072387695	6.252196311950684	6.257658004760742	0.0018557657022029161	0.00032600991272602187
Protein	Protein	12	12	1	65,71	b5	7			0	0	0	0	0	0	1	0	0	0	NN	Protein	7.0	nn	Protein	7.0	pro-tein	2.0	0.915608847551	0.915608847551	4.20199060394	268.951923889	97.6035753731	3.40384760848	1.6759906579	2303.61463489	13104.9923373	2360039.05464	5380268.66668	462687.586487	799903.252596	277768.861037	343196.431476	10343.3797233	3039.31451897	1551.10678838	0.0747068283036	0.294451931339	0.0	0.0	0.138976342932	1.7123434276	1.97019403803	0.428085856899	2.58332496273	3.4246868552	5	0.26537084579467773	0.26537075638771057	0.19852544367313385	0.19852516055107117	1.5491379499435425	1.5408827066421509	1.5931642055511475	1.569838047027588	0.00582599698100239	0.006474270012404304
abstammt	abstammt	13	13	1	72,79	b5	8			0	0	0	0	0	0	0	0	0	0	VVFIN	abstammt	8.0	vvfin	abstammen	9.0	ab-stammt	2.0	0.4087539498	0.4087539498	1.66771611518	45.4697893757	57.3635048245	4.91666876781	0.729366304829	4186.63780559	11622.5310148	1606650.11448	4291007.2004	220143.693854	375480.526374	143289.441034	137017.012132	41334.1231877	4277.97796321	288.008033029	0.13086177946	0.41205912062	0.0	0.0	0.359703475824	0.856171713799	0.0	0.0	0.49050473976	2.1404292845	5	6.529307842254639	6.529308319091797	5.8910813331604	5.891053676605225	1.990857720375061	2.0018763542175293	0.930243968963623	0.8931441903114319	0.007248292560689151	0.007277887314558029
und	und	14	14	1	80,82	b5	3			0	0	0	0	0	0	0	0	0	0	KON	und	3.0	kon	und	3.0	und	1.0	22313.7473183	22313.7473183	23398.5884761	22313.7473183	0.428085856899	9064.0679761	29467.6401896	23513.5137367	723.037012303	869972.90787	1656300.13956	195202.966651	251153.263298	160187.509171	58920.0250002	32509.3788389	28906.6542257	22352.5789435	0.120238001286	0.419307858966	0.0	0.0	2201.34439665	22.6885504157	0.0	0.0	2454.42031712	42.8085856899	5	3.175816059112549	3.175809383392334	1.9833687543869019	1.9833781719207764	0.011273141019046307	0.011338676325976849	0.057309772819280624	0.05593390017747879	0.10231785476207733	0.07948215305805206
dessen	dessen	15	15	1	83,88	b5	6			0	0	0	0	0	0	0	0	0	0	PRELAT	dessen	6.0	prelat	die	3.0	des-sen	2.0	276.530222118	340.892619054	10789.1994813	342.625735801	12.842575707	1349.31040569	628.341312394	17810.1617	28489.9699484	2776463.95902	5935496.02308	684736.139147	979525.509636	518426.885572	500860.452572	110461.430317	53801.2331077	7725.99738151	0.0115689887806	0.141396491303	0.0	0.0	39.9516110534	13.2706615639	0.0	0.0	74.8837236033	16.2672625622	5	7.908751487731934	7.908747673034668	9.250892639160156	9.250877380371094	0.4762401878833771	0.47111621499061584	0.44228604435920715	0.4435022473335266	0.0012143626809120178	0.001647664001211524
Primärstruktur	Primärstruktur	16	16	1	89,102	b5	14			0	0	0	0	0	1	0	0	0	0	NN	Primärstruktur	14.0	nn	Primärstruktur	14.0	pri-mär-struk-tur	4.0	0.155326500924	0.155326500924	0.16350157992	20.43769749	145.977277203	0.630342149719	0.279331776317	1352.35426783	9298.45289771	3110958.45059	7856740.6399	274174.115301	612507.812567	141330.929184	175858.954272	10343.3797233	3039.31451897	422.422681881	2.24972105263e-05	0.131800910053	0.0	0.0	0.0	0.0	0.0	0.0	0.0	0.0	5	13.871594429016113	13.87159538269043	9.447720527648926	9.447744369506836	7.275384902954102	7.280436038970947	6.877535820007324	6.926458358764648	1.6667702158247266	0.8598301710371743
besitzt	besitzt,	17	17	1	103,109	b5	7		$,	0	0	0	0	0	0	0	0	0	0	VVFIN	besitzt	7.0	vvfin	besitzen	8.0	be-sitzt	2.0	47.5953099147	47.5953099147	151.467863638	415.17956189	55.22307554	288.066362422	89.3706499895	22469.0165937	47179.7703747	2096428.29409	4940626.20399	269857.240312	430811.47955	132312.190211	119426.536186	20337.830725	14068.4280436	3126.49356139	0.0490108739682	0.328966693671	0.0	0.0	37.7688649615	2.9966009983	0.0	0.0	37.8669659094	5.13703028279	5	13.248937606811523	13.248950004577637	10.928216934204102	10.928248405456543	10.090511322021484	10.059123992919922	9.730371475219727	9.788362503051758	28.408519744873047	28.412232637405396
sich	sich	18	18	1	111,114	b5	4			0	0	1	0	0	0	0	0	0	0	PRF	sich	4.0	prf	sich	4.0	sich	1.0	6557.46793998	6557.46793998	6566.55045274	6557.81946837	0.856171713799	6282.99841154	11211.8033194	6926.29480396	1064.22144025	990057.517976	2298056.06212	287477.77288	411907.636196	194753.386357	108862.23341	48925.779496	15113.3748159	6879.41072592	0.109257424523	0.373105981887	0.0	0.0	1254.85010065	21.404292845	0.0	0.0	4636.93750684	29.5379241261	5	4.939004898071289	4.939008712768555	4.407033920288086	4.407055377960205	1.5221880674362183	1.5239521265029907	1.7595641613006592	1.7532236576080322	4.185357093811035	3.5250959396362305
aber	aber	19	19	1	115,118	b5	4			0	0	0	0	0	0	0	0	0	0	ADV	aber	4.0	adv	aber	4.0	a-ber	2.0	1779.47762014	2250.5583722	3054.51199083	2250.67282331	3.4246868552	3474.69806611	4177.90330465	20714.5138399	54431.1167048	1434600.66378	3336615.03951	373884.907984	550578.343993	257156.208682	193124.513052	41334.1231877	4277.97796321	2367.56010279	0.0153935707803	0.129025098264	0.0	0.0	3047.7512005	16.2672625622	0.0	0.0	3056.26145773	30.8221816968	5	0.3704942464828491	0.37049606442451477	0.13889028131961823	0.13888779282569885	7.213134765625	7.20030403137207	8.84886646270752	8.85915756225586	23.76723289489746	24.038488388061523
in	in	20	20	1	119,120	b5	2			0	0	0	0	0	0	0	0	0	0	APPR	in	2.0	appr	in	2.0	in	1.0	13129.4221199	13165.4578681	14298.1641135	0.0	0.0	8527.89894355	19687.5208529	18583.5486983	15158.092107	842500.587604	1735372.30627	309490.415689	350022.68855	273957.116004	252232.89583	37971.7622471	15391.66268	-0.00817507899599	0.0682365415668	0.281559937821	0.0	0.0	9683.14399346	42.380499833	0.0	0.0	17389.6438116	75.7711966712	5	0.47787320613861084	0.47787296772003174	0.21782970428466797	0.21782663464546204	0.5237084031105042	0.5171685218811035	0.5840582251548767	0.5773390531539917	0.0013186577707529068	0.00020287363440729678
Sekundär-	Sekundär-,	21	21	1	121,129	b5	9		$,	0	0	0	0	0	0	0	0	0	0	TRUNC	Sekundär-	9.0	trunc	Sekundär-	9.0	se-kun-där-	3.0		0.0899258689559	0.0899258689559	10.5785522208	19.6919494174	1.26068429944	0.170702752194	9538.64947221	24894.4768363	2102449.95918	4637650.5792	170972.686513	377297.750837	64976.5252198	122133.323059	26995.0755041	2545.55609777	147.38032414	1.09441818182e-05	0.318794652636	0.277952685864	0.428085856899	0.28612776486	0.856171713799	0.277952685864	0.428085856899	0.32700315984	1.2842575707	5	17.124034881591797	17.124038696289062	17.65907859802246	17.659055709838867	6.776721000671387	6.752552032470703	5.975153923034668	5.902162551879883	51.0918283611536	51.029625073075294
Tertiär-	Tertiär-	22	22	1	131,138	b5	8			0	0	1	0	0	0	0	0	0	0	TRUNC	Tertiär-	8.0	trunc	Tertiär-	8.0	ter-ti-är-	3.0	0.00817507899599	0.00817507899599	0.00817507899599	20.0698189352	40.6681564054	0.126068429944	0.0155184320176	21355.6689354	79056.3275371	2147948.41038	5069405.55998	227626.891389	558432.863295	25889.510521	78663.3447204	8191.78885746	1519.16675475	158.457556179	1.2e-07	0.5	0.212552053896	0.856171713799	0.212552053896	0.856171713799	0.858383294579	1.2842575707	0.858383294579	1.2842575707	5	8.471141815185547	8.47114372253418	2.6012966632843018	2.6012861728668213	0.1313406378030777	0.13151337206363678	0.1155409887433052	0.11789508908987045	25.455102392239496	25.25229255692102
und	und	23	23	1	139,141	b5	3			0	0	0	0	0	0	0	0	0	0	KON	und	3.0	kon	und	3.0	und	1.0	22313.7473183	22313.7473183	23398.5884761	22313.7473183	0.428085856899	9064.0679761	29467.6401896	23513.5137367	723.037012303	869972.90787	1656300.13956	195202.966651	251153.263298	160187.509171	58920.0250002	32509.3788389	28906.6542257	22352.5789435	0.120238001286	0.419307858966	0.0	0.0	2201.34439665	22.6885504157	0.0	0.0	2454.42031712	42.8085856899	5	6.490799903869629	6.490800380706787	5.817282199859619	5.817255973815918	3.7757835388183594	3.824471950531006	4.577716827392578	4.5723981857299805	0.00021240839851088822	0.00011753345461329445
Quartärstrukturen	Quartärstrukturen	24	24	1	142,158	b5	17			0	0	0	0	0	1	0	0	0	0	NN	Quartärstrukturen	17.0	nn	Quartärstruktur	15.0	quar-tär-struk-tu-ren	5.0																													5	13.271976470947266	13.271986961364746	7.95338249206543	7.95338249206543	2.394540786743164	2.4193854331970215	2.423396348953247	2.4429495334625244	5.666205927011106	7.550448063889235
von	von	25	25	1	159,161	b5	3			0	0	0	0	0	0	0	0	0	0	APPR	von	3.0	appr	von	3.0	von	1.0	7955.34104766	7955.34104766	8265.3727435	7955.34104766	0.428085856899	7856.20634881	12401.4928732	8585.23905938	340.756342092	620899.645044	1436353.90714	258695.641457	333765.271963	253104.606831	264495.4152	23102.1601118	13320.2529889	7993.18348833	0.0874371201871	0.312235645495	0.0	0.0	3224.03042889	30.8221816968	0.0	0.0	3276.15473257	38.9558129779	5	2.276315450668335	2.2763142585754395	1.7892056703567505	1.789228916168213	0.1693749725818634	0.16963860392570496	0.25648990273475647	0.237573504447937	0.005002838093787432	0.00641311751678586
diesem	diesem	26	26	1	162,167	b5	6			0	0	0	0	0	0	0	0	0	0	PDS	diesem	6.0	pds	diese	5.0	die-sem	2.0	2.6487255947	601.244359839	4932.97346745	2820.73743186	17.5515201329	2128.03509745	1122.68096432	34359.8897205	2427.24680862	2509948.60925	5214937.62789	363411.029475	387338.50461	228840.996896	66551.5115712	110461.430317	29991.8223867	29048.3692201	0.01696057005	0.0965098083671	1140.7505231	0.428085856899	2144.02891781	2.9966009983	2278.23918968	0.856171713799	3281.60751026	5.56511613969	5	4.454124450683594	4.454126358032227	5.0853376388549805	5.08535623550415	0.012721693143248558	0.012304469011723995	0.018216921016573906	0.018217623233795166	0.0005430892342701554	0.0015633992152288556
unterscheidet	unterscheidet.	27	27	1	168,180	b5	13		$.	0	0	0	0	0	0	0	0	0	0	VVFIN	unterscheidet	13.0	vvfin	unterscheiden	13.0	un-ter-schei-det	4.0	30.2069168902	30.2069168902	99.1882334584	225.967358528	118.579782361	135.901767479	57.1233482569	20701.7607166	47510.2526563	5073532.79997	11138606.4949	884896.743479	1693866.38584	273790.712271	446692.180584	32509.3788389	28906.6542257	2137.73410698	0.0462793127065	0.250372945638	45.2899376378	0.428085856899	45.3553382698	0.856171713799	45.2899376378	0.428085856899	47.023054385	2.9966009983	5	2.6193675994873047	2.619371175765991	0.612769603729248	0.6127606630325317	1.6402360200881958	1.6544760465621948	0.806003749370575	0.7869290113449097	30.178870625793934	29.3429995495826
Seine	Seine	28	1	2	182,186	b5	5			0	0	0	1	0	0	0	0	0	0	PPOSAT	Seine	5.0	pposat	seine	5.0	sei-ne	2.0	127.474006785	130.801263936	3604.53948076	446.334787944	20.9762069881	576.132724843	247.550027545	21247.1611118	23977.5169308	2415559.50686	5054908.86052	367172.195294	570441.099667	232769.310381	302491.459687	26995.0755041	2545.55609777	972.319370546	0.00329947827103	0.0190620620673	2477.04893579	1.7123434276	2804.04392055	22.2604645588	7214.90779283	2.5685151414	7581.26578296	28.2536665554	5	8.247634887695312	5.750791549682617	8.1069917678833	1.9815349578857422	18.216938018798828	0.04639443755149841	19.18744659423828	0.029569074511528015	0.38907042145729065	0.0015812524361535907
strukturellen	strukturellen	29	2	2	187,199	b5	13			0	0	0	0	0	0	0	0	0	0	ADJA	strukturellen	13.0	adja	strukturell	11.0	struk-tu-rel-len	4.0	4.04666410302	4.04666410302	11.3878850414	22.375191212	54.7949896831	22.8183858198	7.66610541671	7318.59231974	23037.440389	4267863.6819	10241168.1607	641257.087783	1325964.69148	406579.076309	544338.564543	48925.779496	4391.00660541	389.231861157	0.00585822460656	0.109362825387	0.0	0.0	1.16086121743	1.7123434276	0.0	0.0	4.66797010671	2.5685151414	5	12.587117195129395	11.349737167358398	12.02979850769043	9.003177642822266	14.098895072937012	8.166326522827148	15.162367820739746	6.34769344329834	0.7492313869297504	0.8625575785990804
Eigenschaften	Eigenschaften	30	3	2	200,212	b5	13			0	0	0	0	0	0	0	0	0	0	NN	Eigenschaften	13.0	nn	Eigenschaft	11.0	ei-gen-schaf-ten	4.0	40.9898460859	40.9898460859	64.0844442496	45.9357688785	49.2298735434	157.58553743	75.4971717658	53751.6349034	98276.954426	4220040.77778	9501267.99031	949871.952511	2027516.9308	458910.781741	807339.532017	14903.9783425	3644.7281691	232.7117987	0.0348804801076	0.27041155966	0.0	0.0	0.0899258689559	2.1404292845	0.0	0.0	0.16350157992	3.4246868552	5	3.469116687774658	1.8992130756378174	3.0144782066345215	1.9250705242156982	2.5497593879699707	2.1049892902374268	2.1249241828918457	1.2861151695251465	0.007085908204317093	2.576887369155884
verleihen	verleihen	31	4	2	213,221	b5	9			0	0	0	0	0	0	0	0	0	0	VVFIN	verleihen	9.0	vvfin	verleihen	9.0	ver-lei-hen	3.0	0.907433768555	10.6112525368	41.2269233768	1957.40821448	792.815006978	111.69662893	20.0498141668	20444.8752093	48294.5059461	3908880.66761	8459200.42124	749697.033616	1380405.65416	395643.657365	538683.550373	23102.1601118	7335.96436261	7300.98319958	0.014698496765	0.301285400977	0.0	0.0	10.6276026948	3.4246868552	0.0	0.0	11.2816090145	5.13703028279	5	6.900846481323242	4.023458480834961	5.5127363204956055	4.361144065856934	4.5225019454956055	6.754964828491211	4.828714847564697	3.3725202083587646	0.45850759744644165	6.5497283935546875
dem	dem	32	5	2	222,224	b5	3			0	0	0	0	0	0	0	0	0	0	ART	dem	3.0	art	d	1.0	dem	1.0	5100.87323987	5616.24656993	80100.3069113	5616.24656993	0.428085856899	6562.36605229	9206.65119996	6667.98683292	1002.148991	1098350.78654	2107258.1957	260311.257794	170837.935256	214520.302265	48324.4719561	110461.430317	53801.2331077	5810.24119451	0.0776634434188	0.228051977566	43473.0753814	1.2842575707	43630.2003997	29.966009983	43473.0753814	1.2842575707	43925.3698019	41.0962422623	5	1.1154954433441162	0.976769745349884	0.9854552745819092	1.0424083471298218	0.31663602590560913	3.611976353568025e-05	0.12064863741397858	0.0001289761275984347	0.9772718548774719	0.8594383597373962
Prion	Prion	33	6	2	225,229	b5	5			0	0	0	0	0	1	0	0	0	0	NN	Prion	5.0	nn	Prion	5.0	pri-on	2.0	0.04087539498	0.04087539498	0.04087539498	41.1042971919	18.8357777036	0.504273719775	0.0775921600881	3574.03008594	12975.2823226	1309542.43372	3018939.37448	260640.500926	472893.175455	228289.669569	327622.668002	10343.3797233	3039.31451897	422.422681881	8.4866e-05	0.0935278122	3.84228712812	2.5685151414	3.92403791808	4.70894442589	3.91586283908	2.9966009983	4.10388965599	6.84937371039	5	13.440666198730469	1.92452073097229	13.392709732055664	0.7037277817726135	14.134190559387207	0.13661181926727295	12.270689010620117	0.5539995431900024	0.4399423208087683	0.01241125508386176
die	die	34	7	2	230,232	b5	3			0	0	0	0	0	0	0	0	0	0	ART	die	3.0	art	d	1.0	die	1.0	20527.116504	24520.1275636	80100.3069113	24520.1275636	0.428085856899	9091.29875697	30440.211361	33694.5118659	1928.95487119	1361337.08551	2613060.47141	356516.797331	303924.26305	343523.065172	189343.230678	110461.430317	29991.8223867	29048.3692201	0.0938387928357	0.266249299869	0.0	0.0	15201.9436218	35.5311261227	0.0	0.0	15852.8515865	58.2196765383	5	5.017152309417725	9.88583755493164	4.315677642822266	9.561074256896973	0.2666410207748413	4.449582576751709	1.0062700510025024	2.9933114051818848	0.018962999805808067	4.8636207793606445e-05
Fähigkeit	Fähigkeit,	35	8	2	233,241	b5	9		$,	0	0	0	0	0	0	0	0	0	0	NN	Fähigkeit	9.0	nn	Fähigkeit	9.0	fä-hig-keit	3.0	27.7952685864	27.7952685864	44.3743287902	29.1359815417	10.2740605656	165.275711656	51.2728993862	2745.01167512	7605.37333368	2225408.44473	5026724.11579	263142.353051	463716.727027	134763.626624	176056.301852	11807.4546207	258.651324354	62.0243243426	0.00621262472353	0.0991584686217	0.0	0.0	3.27820667739	1.2842575707	0.0	0.0	3.28638175639	1.7123434276	5	3.7539892196655273	2.059767961502075	0.876520037651062	0.6470777988433838	2.154784917831421	0.4829264283180237	1.1897599697113037	0.2606644034385681	30.382499754428864	31.38925591111183
sich	sich	36	9	2	243,246	b5	4			0	0	1	0	0	0	0	0	0	0	PRF	sich	4.0	prf	sich	4.0	sich	1.0	6557.46793998	6557.46793998	6566.55045274	6557.81946837	0.856171713799	6282.99841154	11211.8033194	6926.29480396	1064.22144025	990057.517976	2298056.06212	287477.77288	411907.636196	194753.386357	108862.23341	48925.779496	15113.3748159	6879.41072592	0.109257424523	0.373105981887	0.0	0.0	1254.85010065	21.404292845	0.0	0.0	4636.93750684	29.5379241261	5	3.5440495014190674	7.024796009063721	0.6556130647659302	2.427830219268799	0.15247616171836853	0.0733051672577858	0.03161908686161041	0.00500817596912384	0.0056602200493216515	1.1086402082582936e-05
durch	durch	37	10	2	247,251	b5	5			0	0	0	0	0	0	0	0	0	0	APPR	durch	5.0	appr	durch	5.0	durch	1.0	2265.55146708	2302.17582098	2421.46657369	2302.66632572	6.84937371039	4479.71558962	3888.06554986	3354.08776063	2913.1242562	1088066.18564	2327777.207	307334.132327	365429.926626	203764.587907	61067.3036584	110461.430317	3873.65490622	2945.03133291	0.0339580104325	0.23931799428	0.0	0.0	119.413378894	9.41788885179	0.0	0.0	139.7284502	15.8391767053	5	0.209939643740654	1.0886496305465698	0.22090697288513184	0.05443613603711128	0.01801474206149578	0.06145789846777916	7.843663479434326e-05	0.07465270906686783	0.4101486802101135	2.3166821002960205
Autokatalyse	Autokatalyse	38	11	2	252,263	b5	12			0	0	0	0	0	1	0	0	0	0	NN	Autokatalyse	12.0	nn	Autokatalyse	12.0	au-to-ka-taly-se	5.0	0.0572255529719	0.0572255529719	0.0654006319679	5.95963258808	68.4937371039	0.378205289831	0.108629024123	16480.6322528	60428.5995599	2627618.23562	6828480.12397	273483.2312	575319.566092	164995.534731	247833.029392	19822.5963712	5396.67212318	243.396626948	1.33122857143e-05	0.0131222994286	0.0	0.0	0.0	0.0	0.0	0.0	0.00817507899599	0.428085856899	5	26.917682647705078	24.080270767211914	16.536331176757812	16.664043426513672	7.395100116729736	4.001211643218994	5.175194263458252	3.615420341491699	6.132884152233601	7.408281281590462
von	von	39	12	2	264,266	b5	3			0	0	0	0	0	0	0	0	0	0	APPR	von	3.0	appr	von	3.0	von	1.0	7955.34104766	7955.34104766	8265.3727435	7955.34104766	0.428085856899	7856.20634881	12401.4928732	8585.23905938	340.756342092	620899.645044	1436353.90714	258695.641457	333765.271963	253104.606831	264495.4152	23102.1601118	13320.2529889	7993.18348833	0.0874371201871	0.312235645495	0.0	0.0	3224.03042889	30.8221816968	0.0	0.0	3276.15473257	38.9558129779	5	4.05450439453125	0.05419880524277687	4.0703125	0.005425846204161644	4.1009321212768555	7.840139389038086	4.016707897186279	8.16933536529541	1.3648673295974731	0.0036092158406972885
einem	einem	40	13	2	267,271	b5	5			0	0	0	0	0	0	0	0	0	0	ART	einem	5.0	art	eine	4.0	ei-nem	2.0	1782.61685047	1790.34230012	17543.4333976	7303.86082739	14.1268332777	3919.97176067	3153.9350864	17827.7708202	6388.75332837	2493277.74291	5201994.02392	301314.568235	387807.68671	171268.730649	89262.7505372	45007.5949345	21503.4825387	20569.6023896	0.0251622544387	0.156656778568	4450.57840605	0.856171713799	5459.35045384	11.5583181363	9052.86175303	1.2842575707	10785.1855175	20.9762069881	5	15.178367614746094	0.15884751081466675	12.423693656921387	0.10800536721944809	0.4079732894897461	0.5172634124755859	0.7842903733253479	0.06154847517609596	0.6061573624610901	3.922027587890625
Wildtypprotein	Wildtypprotein	41	14	2	272,285	b5	14			0	0	0	0	0	1	0	0	0	0	NN	Wildtypprotein	14.0	nn	Wildtypprotein	14.0	wild-typ-pro-te-in	5.0																													5	56.804420471191406	53.041446685791016	40.08807373046875	35.388832092285156	19.841203689575195	19.063051223754883	15.064308166503906	13.502079963684082	13.683593602152541	0.012067446266883053
zum	zum	42	15	2	286,288	b5	3			0	0	0	0	0	0	0	0	0	0	APPRART	zum	3.0	apprart	zum	3.0	zum	1.0	1651.97908812	1651.97908812	1753.17839101	1651.97908812	0.428085856899	4157.73681955	2949.09178377	1759.48955199	40.6681564054	334500.075158	796971.292562	79591.3101428	74215.1045814	74055.9396294	41125.3521006	19838.2434724	15326.7362026	1754.61720491	0.0446728863733	0.258942942311	1694.48949889	0.428085856899	1814.22988095	26.9694089847	12615.7737315	1.2842575707	12735.6694401	30.8221816968	5	5.618688106536865	10.249577522277832	0.3107645809650421	6.582015514373779	1.5942254066467285	1.7015676498413086	1.072951316833496	1.5573853254318237	1.1225693225860596	0.35798847675323486
Prionenprotein	Prionenprotein	43	16	2	289,302	b5	14			0	0	0	0	0	1	0	0	0	0	NN	Prionenprotein	14.0	nn	Prionenprotein	14.0	pri-o-nen-pro-te-in	6.0																													5	17.047800064086914	9.918971061706543	9.538566589355469	9.450824737548828	8.766308784484863	6.201930046081543	5.911256790161133	8.248069763183594	1.4660353388153453	0.22192790338522173
umzuwandeln	umzuwandeln.	44	17	2	303,313	b5	11		$.	0	0	0	0	0	0	0	0	0	0	VVIZU	umzuwandeln	11.0	vvizu	umwandeln	9.0	um-zu-wan-deln	4.0	2.26449688189	2.26449688189	12.9002746557	7.37392125439	16.6953484191	30.6346284763	4.29860566888	20549.5897962	22955.2479045	2920460.49533	6313109.70128	502507.505193	723837.960941	265694.75169	343062.440603	32509.3788389	2649.44500165	34.0573790973	0.0850915900906	0.413779260975	0.0	0.0	0.0	0.0	0.0	0.0	0.0	0.0	5	3.936434268951416	3.507007122039795	2.3189353942871094	2.157487154006958	2.1588947772979736	1.7890790700912476	1.7771837711334229	1.824970006942749	28.762181525562937	29.600337535001017
Dieses	Dieses	45	1	3	315,320	b5	6			0	0	0	1	0	0	0	0	0	0	PDAT	Dieses	6.0	pdat	diese	5.0	die-ses	2.0	72.1614222976	84.7755691884	4932.97346745	345.527888845	26.9694089847	509.442525403	160.817510999	34799.6190446	5123.75962123	2473910.67011	5495608.26719	308329.807899	536669.406416	133900.935063	192849.253846	19121.5915224	6400.40832231	5199.86527143	0.0035875798776	0.0175299729625	647.180128718	0.856171713799	679.013886328	8.56171713799	1019.66125301	1.2842575707	1051.59311157	11.5583181363	5	5.412865161895752	4.516793251037598	5.44488525390625	4.494046211242676	13.867064476013184	4.326254367828369	17.665510177612305	3.578458786010742	0.9316335320472717	25.1458740234375
Ereignis	Ereignis	46	2	3	321,328	b5	8			0	0	0	0	0	0	0	0	0	0	NN	Ereignis	8.0	nn	Ereignis	8.0	e-reig-nis	3.0	21.9746123412	21.9746123412	77.7777015679	23.3889010075	9.84597470869	154.812031971	40.7358840463	6976.4489136	27889.3654911	2744442.23181	6107452.54668	283586.68053	589794.433172	104238.527484	200848.466168	14903.9783425	4656.05084154	87.4488200201	0.0379581775103	0.214856203607	0.0	0.0	0.188026816908	0.856171713799	0.0	0.0	0.28612776486	2.9966009983	5	7.704676151275635	6.4249114990234375	7.815417766571045	5.307638168334961	5.991991996765137	4.745118618011475	8.814583778381348	3.39711332321167	2.7714548110961914	0.14458240568637848
kann	kann	47	3	3	329,332	b5	4			0	0	0	0	0	0	0	0	0	0	VMFIN	kann	4.0	vmfin	können	6.0	kann	1.0	1325.79343618	1325.79343618	3346.01895766	1326.12861441	3.8527727121	2506.87072943	2422.9859015	1631.77846792	157.107509482	1243505.69068	2838879.6137	271586.114193	396834.305088	224930.07998	258268.906412	11052.747678	2573.61296889	1463.46994155	0.0336937487676	0.238078476838	0.0	0.0	1934.49346806	19.6919494174	0.0	0.0	1937.19124413	26.1132372709	5	3.5778894424438477	2.497807741165161	4.140669822692871	0.4997671842575073	0.6542947292327881	0.197468563914299	0.4982643127441406	0.013666749931871891	0.0172454584389925	0.001960976282134652
spontan	spontan	48	4	3	333,339	b5	7			0	0	0	0	0	0	0	0	0	0	ADJD	spontan	7.0	adjd	spontan	7.0	spon-tan	2.0	5.5100032433	5.5100032433	12.7367730758	9.1806137125	10.2740605656	43.2414714707	10.3352757237	512.291325284	1826.64235139	1883498.25724	4672885.46991	355033.25757	595519.225336	258139.16383	284954.922559	48925.779496	1656.81873488	34.4334327311	0.0156029789896	0.166074843999	0.0	0.0	0.196201895904	0.428085856899	0.0	0.0	2.99207891253	1.2842575707	5	8.418939590454102	0.12156344950199127	8.942305564880371	0.11299346387386322	9.796517372131348	4.938788890838623	9.691854476928711	4.0286478996276855	0.00047654150694143027	0.0003668816279969178
oder	oder	49	5	3	340,343	b5	4			0	0	0	0	0	0	0	0	0	0	KON	oder	4.0	kon	oder	4.0	o-der	2.0	2382.24254467	2382.24254467	2440.80063552	2382.26706991	1.2842575707	3195.07828849	3786.12496993	46489.2135514	49053.0740845	1447738.97221	3094476.83627	387480.767411	538964.374695	245168.738822	173303.709792	5492.20609632	2385.56980182	2382.69217401	0.0664484844681	0.385688126346	0.0	0.0	81.66903917	10.7021464225	26530.3631386	0.428085856899	26614.3539002	24.4008938433	5	2.495779037475586	5.153354644775391	1.4367436170578003	4.461629867553711	1.1741390228271484	1.9275267124176025	3.6619668006896973	1.5078396797180176	0.00021705655672121793	24.957233428955078
durch	durch	50	6	3	344,348	b5	5			0	0	0	0	0	0	0	0	0	0	APPR	durch	5.0	appr	durch	5.0	durch	1.0	2265.55146708	2302.17582098	2421.46657369	2302.66632572	6.84937371039	4479.71558962	3888.06554986	3354.08776063	2913.1242562	1088066.18564	2327777.207	307334.132327	365429.926626	203764.587907	61067.3036584	110461.430317	3873.65490622	2945.03133291	0.0339580104325	0.23931799428	0.0	0.0	119.413378894	9.41788885179	0.0	0.0	139.7284502	15.8391767053	5	3.404111862182617	8.702963829040527	2.0418202877044678	8.271926879882812	0.002937647048383951	0.04991357401013374	0.021999021992087364	0.006206287071108818	0.07011728733778	0.1363382786512375
die	die	51	7	3	349,351	b5	3			0	0	0	0	0	0	0	0	0	0	ART	die	3.0	art	d	1.0	die	1.0	20527.116504	24520.1275636	80100.3069113	24520.1275636	0.428085856899	9091.29875697	30440.211361	33694.5118659	1928.95487119	1361337.08551	2613060.47141	356516.797331	303924.26305	343523.065172	189343.230678	110461.430317	29991.8223867	29048.3692201	0.0938387928357	0.266249299869	0.0	0.0	15201.9436218	35.5311261227	0.0	0.0	15852.8515865	58.2196765383	5	2.5875301361083984	1.3127100467681885	3.104788064956665	0.7203360795974731	0.017419559881091118	0.0003446938644628972	0.009367560036480427	5.9960475482512265e-05	0.2637098431587219	4.144218444824219
Aufnahme	Aufnahme	52	8	3	352,359	b5	8			0	0	0	0	0	0	0	0	0	0	NN	Aufnahme	8.0	nn	Aufnahme	8.0	auf-nah-me	3.0	43.4914202587	43.4914202587	49.8352815596	261.283699791	67.2094795332	345.805703336	81.006215132	13704.8904557	26681.7352888	2072137.83719	4650347.60572	214931.892967	367185.506725	164623.44601	235064.512539	19822.5963712	5396.67212318	1676.8558535	0.0107749507092	0.134480251329	0.0	0.0	40.6710180051	1.7123434276	0.0	0.0	47.2764818338	4.28085856899	5	5.26823616027832	7.67692756652832	5.06464958190918	8.302654266357422	6.844861030578613	4.648669242858887	5.1052374839782715	6.2402567863464355	0.03228610381484032	0.00243105785921216
eines	eines	53	9	3	360,364	b5	5			0	0	0	0	0	0	0	0	0	0	ART	eines	5.0	art	eine	4.0	ei-nes	2.0	964.814648028	996.591180085	17543.4333976	7303.86082739	14.1268332777	2911.67645798	1770.37376144	17195.1259819	8521.04898158	2656542.58071	5696942.18272	367047.786942	545487.118897	215066.422067	203192.664321	45007.5949345	21503.4825387	20569.6023896	0.0495844122944	0.245308794672	6240.92070617	1.2842575707	6269.57435805	14.9830049915	10843.2040532	1.7123434276	11254.5822033	25.685151414	5	1.2499252557754517	1.3865549564361572	1.2658579349517822	1.916741967201233	8.915905952453613	0.001192454481497407	8.052634239196777	0.00048196621355600655	2.0218052864074707	0.00013600854435935616
anderen	anderen	54	10	3	365,371	b5	7			0	0	0	0	0	0	0	0	0	0	ADJA	anderen	7.0	adja	ander	5.0	an-de-ren	3.0	552.13666031	619.581062027	1102.139625	911.341456315	20.1200352743	1895.94311792	1144.60850876	36966.1621299	73729.6552197	3294494.98274	6949437.49518	826669.040274	1418217.62173	467734.226253	600490.158306	41334.1231877	8435.34898599	1916.32026745	0.00754697456277	0.0962284664744	0.0	0.0	297.041495319	6.42128785349	0.0	0.0	890.05355061	10.7021464225	5	3.918734073638916	1.859067440032959	3.807594060897827	0.6876141428947449	0.8684700131416321	0.07966898381710052	1.6267286539077759	0.1107063740491867	0.060311317443847656	0.00013934595335740596
Prions	Prions	55	11	3	372,377	b5	6			0	0	0	0	0	1	0	0	0	0	NN	Prions	4.0	nn	Prion	5.0	pri-ons	2.0			0.04087539498																										5	19.712371826171875	6.6538405418396	20.72784423828125	7.117522239685059	14.939228057861328	2.047710418701172	14.015803337097168	0.39784759283065796	10.616480112075806	0.1745594348758459
erfolgen	erfolgen.	56	12	3	378,385	b5	8		$.	0	0	0	0	0	0	0	0	0	0	VVINF	erfolgen	8.0	vvinf	erfolgen	8.0	er-fol-gen	3.0	40.4748161092	40.5647419781	139.64669941	251.130251678	32.1064392675	356.143314591	76.583462007	38130.710308	64583.600887	2841118.15722	6503128.45144	671135.211171	1207009.47782	411223.927292	503277.42532	45007.5949345	12349.7403108	736.043237404	0.0469163033988	0.312186085989	0.0	0.0	5.3056262684	1.2842575707	0.0	0.0	40.0006615274	4.28085856899	5	2.723419427871704	2.2795631885528564	3.3639163970947266	2.619018316268921	2.0957107543945312	1.575002908706665	4.619601726531982	2.2840919494628906	29.342821836471558	30.72408425807953
Die	Die	57	1	4	387,389	b5	3			0	0	0	1	0	0	0	0	0	0	ART	Die	3.0	art	d	1.0	die	1.0	4044.09712821	4092.99227569	80100.3069113	4092.99227569	0.428085856899	7006.50513099	7668.65043956	33694.5118659	1928.95487119	1162034.30857	2398782.95191	235702.357048	295575.732669	203871.746843	202066.798517	19121.5915224	6400.40832231	5199.86527143	0.05895410862	0.0848217844714	29483.8638533	0.856171713799	35483.8322812	32.5345251244	29483.8638533	0.856171713799	35649.500257	46.661358402	5	2.596069812774658	1.943365216255188	2.6906306743621826	0.5384732484817505	14.896626472473145	0.013899905607104301	15.646797180175781	0.002272644080221653	0.008173351176083088	0.0013384203193709254
Ausbildung	Ausbildung	58	2	4	390,399	b5	10			0	0	0	0	0	0	0	0	0	0	NN	Ausbildung	10.0	nn	Ausbildung	10.0	aus-bil-dung	3.0	53.6039929767	53.6039929767	53.9636964525	300.712105789	250.002140429	289.327046721	97.9833797593	9331.58289632	17716.3331878	2086939.62705	4730798.20889	199178.066113	520036.558532	101279.745669	255158.00649	19822.5963712	5396.67212318	2004.56207013	0.0245731339407	0.153625653254	0.0	0.0	0.188026816908	2.1404292845	0.0	0.0	0.351528396828	4.28085856899	5	6.4897541999816895	0.11640285700559616	6.561084747314453	0.10860452055931091	7.726779937744141	7.661443710327148	7.163290023803711	5.304100513458252	2.0512635707855225	1.1049034595489502
amyloider	amyloider	59	3	4	400,408	b5	9			0	0	0	0	0	1	0	0	0	0	ADJA	amyloider	9.0	adja	amyloid	7.0	a-my-lo-i-der	5.0																													5	28.670223236083984	27.903301239013672	26.31675148010254	19.50664710998535	24.800230026245117	12.578068733215332	27.096139907836914	10.041208267211914	4.5639232993125916	0.7082093034259742
Fasern	Fasern	60	4	4	409,414	b5	6			0	0	0	0	0	0	1	0	0	0	NN	Fasern	6.0	nn	Faser	5.0	fa-sern	2.0	5.86970671912	5.86970671912	8.11785344302	13.8404087402	13.2706615639	25.9700965684	10.3197572917	978.581481057	5650.73331107	2112157.66111	4895235.8325	440931.878236	768989.888612	225704.480688	323971.523729	11807.4546207	1447.17700911	128.275164526	0.0768758644123	0.355069625398	0.0	0.0	1.90479340607	3.4246868552	0.0	0.0	4.32461678888	5.56511613969	5	12.530776977539062	4.0837626457214355	11.222564697265625	4.017653465270996	11.468608856201172	8.086807250976562	9.72524356842041	3.824538469314575	0.017514648381620646	0.006657838122919202
und	und	61	5	4	415,417	b5	3			0	0	0	0	0	0	0	0	0	0	KON	und	3.0	kon	und	3.0	und	1.0	22313.7473183	22313.7473183	23398.5884761	22313.7473183	0.428085856899	9064.0679761	29467.6401896	23513.5137367	723.037012303	869972.90787	1656300.13956	195202.966651	251153.263298	160187.509171	58920.0250002	32509.3788389	28906.6542257	22352.5789435	0.120238001286	0.419307858966	0.0	0.0	2201.34439665	22.6885504157	0.0	0.0	2454.42031712	42.8085856899	5	3.992729425430298	16.60552978515625	4.85080099105835	12.34889030456543	4.466137409210205	3.8547556400299072	4.934769153594971	3.949399709701538	0.3094135820865631	0.6365882158279419
der	der	62	6	4	418,420	b5	3			0	0	0	0	0	0	0	0	0	0	ART	der	3.0	art	d	1.0	der	1.0	24738.5901996	26530.3631386	80100.3069113	26530.3631386	0.428085856899	9372.80956103	30912.3596552	38163.5169	19310.096833	1332151.97174	2710999.66609	487983.455471	535760.152056	398226.025843	178781.068331	110461.430317	53801.2331077	27238.2432288	0.129811235347	0.318759302208	0.0	0.0	25590.4497812	36.8153836934	0.0	0.0	33289.1996244	55.22307554	5	6.265060901641846	4.978288650512695	5.091026782989502	4.047083854675293	11.340986251831055	6.15032434463501	12.189937591552734	0.9218345880508423	2.1388120651245117	0.8593724966049194
infektiöse	infektiöse	63	7	4	421,430	b5	10			0	0	0	0	0	1	0	0	0	0	ADJA	infektiöse	10.0	adja	infektiös	9.0	in-fek-ti-ö-se	5.0	0.212552053896	0.212552053896	0.743932188635	12.6550222858	29.5379241261	1.38675272938	0.403479232458	38737.9388257	89115.4890025	3437812.75042	7636724.20141	331208.600327	547332.16894	194869.578755	205500.903261	37971.7622471	15391.66268	108.123594801	0.00313013007692	0.327036710923	0.0	0.0	0.024525236988	0.428085856899	0.261602527872	0.428085856899	0.515029976748	2.1404292845	5	12.751359939575195	9.67292594909668	11.095778465270996	8.782862663269043	12.381123542785645	5.782989501953125	13.868352890014648	7.284680366516113	0.025652315991465002	0.0008452699221379589
Charakter	Charakter	64	8	4	431,439	b5	9			0	0	0	0	0	0	0	0	0	0	NN	Charakter	9.0	nn	Charakter	9.0	cha-rak-ter	3.0	81.0640833243	81.0640833243	99.0002066415	107.894692589	101.884433942	385.265121908	151.335749036	11390.2966897	33043.0911224	2486978.77914	6095992.68829	432745.002601	894947.730717	218806.136479	235225.044735	2901.18020918	1099.78520225	351.634672855	0.0522443077267	0.328449779374	0.0	0.0	0.588605687711	1.2842575707	0.0	0.0	18.6800555058	6.42128785349	5	3.6536855697631836	3.268977403640747	3.061216354370117	3.4143972396850586	8.97773551940918	0.6977077126502991	3.349818468093872	1.8923202753067017	0.0030746827833354473	0.4084678590297699
sind	sind	65	9	4	440,443	b5	4			0	0	0	0	0	0	0	0	0	0	VAFIN	sind	4.0	vafin	sein	4.0	sind	1.0	2296.19983824	2298.63601178	17044.4184006	2302.62545033	5.99320199659	4304.10226671	4116.7606825	2333.22477101	26.1132372709	1332047.00373	2728807.18157	249282.495798	286785.417683	144872.038227	66814.7843732	48925.779496	15113.3748159	2467.07533941	0.0559257789967	0.326343386708	0.0	0.0	259.885761283	20.9762069881	0.0	0.0	267.325083169	26.5413231278	5	3.8221428394317627	3.482670545578003	3.103287696838379	2.294440746307373	4.9499382972717285	0.0004170263418927789	4.683414936065674	0.0001879753835964948	0.05428202450275421	0.9638045430183411
eng	eng	66	10	4	444,446	b5	3			0	0	0	0	0	0	0	0	0	0	ADJD	eng	3.0	adjd	eng	3.0	eng	1.0	32.700315984	32.700315984	136.164115757	32.700315984	0.428085856899	222.762915711	61.7478409981	226.335237083	327.913766385	1378247.02386	2953027.42318	288540.369648	586589.782447	94092.9683227	113245.404498	45007.5949345	2892.41652449	312.525094938	0.0147950468239	0.199523816146	0.0	0.0	6.71991493471	14.1268332777	33.3297970667	0.428085856899	64.9019521492	29.5379241261	5	6.192861557006836	11.064529418945312	5.6505126953125	9.469756126403809	5.404226303100586	0.21757128834724426	4.621670722961426	0.18931178748607635	0.11732856184244156	0.23632128536701202
miteinander	miteinander	67	11	4	447,457	b5	11			0	0	0	0	0	0	0	0	0	0	ADV	miteinander	11.0	adv	miteinander	11.0	mi-tei-nan-der	4.0	59.9723795146	59.9723795146	60.1358810945	133.646191426	192.210549748	279.241572325	112.260337216	43363.5374979	40574.8336886	4418811.20993	9460836.1373	805487.729423	1338509.31943	352335.170849	321749.330046	21052.512481	9522.82251927	6974.74032209	0.0250124247131	0.257379110088	0.0	0.0	1.64319087819	0.428085856899	0.0	0.0	1.65954103619	1.2842575707	5	5.771960258483887	20.07713508605957	4.67407751083374	14.148406982421875	0.7536176443099976	1.0659284591674805	0.3193418085575104	0.6036088466644287	0.0066816010512411594	0.0001245659514097497
verknüpft	verknüpft.	68	12	4	458,466	b5	9		$.	0	0	0	0	0	0	0	0	0	0	VVPP	verknüpft	9.0	vvpp	verknüpfen	10.0	ver-knüpft	2.0	12.8512241817	13.5951563703	17.4864939724	1957.40821448	792.815006978	103.754317844	25.7916340133	15323.7522988	39550.4242331	2075485.55657	4893129.222	306544.059993	544930.607283	133565.903976	147172.492915	23102.1601118	7335.96436261	7300.98319958	0.0466598378611	0.36365178164	0.0	0.0	0.12262618494	2.1404292845	0.0	0.0	1.35706311333	3.4246868552	5	1.2005594968795776	1.4278252124786377	1.4836074113845825	1.4422709941864014	0.8762826323509216	1.378873586654663	1.9950553178787231	1.4302728176116943	29.031435132026672	29.009337842464447
Der	Der	69	1	5	468,470	b5	3			0	0	0	1	0	0	0	0	0	0	ART	Der	3.0	art	d	1.0	der	1.0	2141.38019221	2185.87714719	80100.3069113	2185.87714719	0.428085856899	5425.85915635	4106.146075	38163.5169	19310.096833	1132849.1948	2496722.14659	301670.887228	455146.876258	217819.682397	167619.157698	19121.5915224	4739.26497064	2226.87516835	0.0321666594225	0.0561990820768	26530.3631386	0.428085856899	27381.593239	33.8187826951	31474.0214343	0.856171713799	32362.4890195	46.2332725451	5	3.3578543663024902	8.064589500427246	3.4370791912078857	3.402554988861084	16.006000518798828	0.025175241753458977	15.515937805175781	0.008314991369843483	0.0021208669058978558	0.002889388706535101
Begriff	Begriff	70	2	5	471,477	b5	7			0	0	0	0	0	0	0	0	0	0	NN	Begriff	7.0	nn	Begriff	7.0	be-griff	2.0	105.916323472	106.047124736	176.426379813	113.494621701	18.8357777036	323.743728096	191.109490297	22693.103684	47737.1381604	1768223.31589	4021919.70822	83032.1273165	230921.497616	41324.1495913	86204.0770897	17498.1271098	8127.15668292	507.361752649	0.0158042936262	0.145913948133	0.0	0.0	14.7233172718	1.7123434276	0.0	0.0	68.0084821677	5.56511613969	5	4.826431751251221	2.50057315826416	4.864973068237305	0.10330398380756378	8.956125259399414	0.011256992816925049	6.246006011962891	0.0018009409541264176	0.040941767394542694	0.3496212065219879
Amyloid	Amyloid	71	3	5	478,484	b5	7			0	0	0	0	0	1	0	0	0	0	NN	Amyloid	7.0	nn	amyloid	7.0	a-my-lo-id	3.0		0.0572255529719		0.621306003695	5.99320199659	0.504273719775	0.108629024123	2373.19273222	13289.4973416	1004965.42853	2250952.06295	69231.8663893	112035.205781	59522.76652	66620.0053083	19822.5963712	778.349271208	2.55062464675	9.18524285714e-05	0.00157975828571	0.0	0.0	0.0	0.0	0.0	0.0	0.00817507899599	0.428085856899	5	13.728558540344238	10.910561561584473	12.932323455810547	10.6260986328125	12.7454195022583	7.694484233856201	14.468525886535645	7.630690574645996	1.57423628680408	0.43547771532939805
ist	ist	72	4	5	485,487	b5	3			0	0	0	0	0	0	0	0	0	0	VAFIN	ist	3.0	vafin	sein	4.0	ist	1.0	6193.1128442	6201.98280491	17044.4184006	6201.98280491	0.428085856899	5647.61352462	10628.2947571	6392.98535058	321.920564388	917956.027182	2251465.76597	202181.475685	311508.232091	153618.244592	108375.49979	37971.7622471	6331.86028492	6216.50992029	0.0707295422332	0.285080866351	0.0	0.0	174.505236248	21.8323787019	0.0	0.0	350.048707529	42.380499833	5	1.7654181718826294	5.235622882843018	1.704948902130127	5.195366382598877	11.357747077941895	0.034591879695653915	11.744768142700195	0.08238328993320465	0.023933781310915947	0.7707250118255615
allgemein	allgemein	73	5	5	488,496	b5	9			0	0	0	0	0	0	0	0	0	0	ADJD	allgemein	9.0	adjd	allgemein	9.0	all-ge-mein	3.0	54.2007737434	54.2007737434	322.171688153	91.1521308053	57.3635048245	339.502281839	102.018172084	45087.849685	96959.7342443	3206173.25231	7260778.34571	549719.886232	868474.901326	322471.550051	324132.055925	41334.1231877	9001.42415599	3625.86826186	0.0107651622105	0.154299885422	0.0	0.0	3.65426031121	0.428085856899	64.9101272282	0.428085856899	68.6379632504	2.9966009983	5	0.0048655918799340725	4.11464786529541	0.0031587013509124517	3.8150224685668945	5.956708908081055	5.07082462310791	5.379209518432617	5.445561408996582	0.5213075876235962	0.39692795276641846
gehalten	gehalten	74	6	5	497,504	b5	8			0	0	0	0	0	0	0	0	0	0	VVPP	gehalten	8.0	vvpp	halten	6.0	ge-hal-ten	3.0	71.384789793	71.384789793	581.566944696	159.651117713	50.942216971	418.547187413	134.808618937	63681.3065791	146930.19632	3050561.78448	6955348.5047	615496.637234	1171583.23273	402749.337927	539421.57039	23747.2147199	15623.9820749	1423.42022955	0.0372346236532	0.323297085543	0.0	0.0	35.8558964764	7.70554542419	0.0	0.0	39.7308839205	10.2740605656	5	1.9169155359268188	0.5607854127883911	3.995931625366211	0.4338655173778534	5.6434712409973145	5.3460469245910645	8.287109375	6.662048816680908	0.026896286755800247	5.6021318435668945
und	und	75	7	5	505,507	b5	3			0	0	0	0	0	0	0	0	0	0	KON	und	3.0	kon	und	3.0	und	1.0	22313.7473183	22313.7473183	23398.5884761	22313.7473183	0.428085856899	9064.0679761	29467.6401896	23513.5137367	723.037012303	869972.90787	1656300.13956	195202.966651	251153.263298	160187.509171	58920.0250002	32509.3788389	28906.6542257	22352.5789435	0.120238001286	0.419307858966	0.0	0.0	2201.34439665	22.6885504157	0.0	0.0	2454.42031712	42.8085856899	5	5.308871746063232	0.007914847694337368	5.6060333251953125	0.0065695736557245255	2.6683847904205322	0.0037047103978693485	5.382221698760986	0.0004172646440565586	0.9468170404434204	1.5592563152313232
umfasst	umfasst	76	8	5	508,514	b5	7			0	0	0	0	0	0	0	0	0	0	VVFIN	umfasst	7.0	vvfin	umfassen	8.0	um-fasst	2.0	0.465979502772	0.670356477671	50.7835907231	9.71199384724	8.13363128109	7.94231108646	1.27251142545	3898.6134224	7298.86386014	1414090.25714	3776639.35479	210366.650903	353361.758234	138306.06003	114806.633618	32509.3788389	2649.44500165	143.619787802	0.0683628709878	0.300821940902	1.23443692839	0.428085856899	1.25078708639	0.856171713799	1.23443692839	0.428085856899	1.44698898229	2.1404292845	5	5.75120735168457	2.8981049060821533	6.227619647979736	1.854097843170166	3.0529093742370605	2.302992105484009	2.34267520904541	1.9161300659179688	2.272298812866211	0.24689312279224396
Proteinaggregate	Proteinaggregate,	77	9	5	515,530	b5	16		$,	0	0	0	0	0	1	0	0	0	0	NN	Proteinaggregate	16.0	nn	Proteinaggregat	15.0	pro-te-in-ag-gre-ga-te	7.0																													5	21.678802490234375	17.921234130859375	15.721260070800781	13.666162490844727	6.583919525146484	4.111234664916992	7.297618865966797	5.401824474334717	30.790953539311886	30.604630541522056
die	die	78	10	5	532,534	b5	3			0	0	1	0	0	0	0	0	0	0	PRELS	die	3.0	prels	die	3.0	die	1.0	3918.55244007	24520.1275636	10789.1994813	24520.1275636	0.428085856899	9091.29875697	30440.211361	33694.5118659	1928.95487119	1361337.08551	2613060.47141	356516.797331	303924.26305	343523.065172	189343.230678	110461.430317	29991.8223867	29048.3692201	0.0938387928357	0.266249299869	0.0	0.0	15201.9436218	35.5311261227	0.0	0.0	15852.8515865	58.2196765383	5	3.6367380619049072	0.36045363545417786	2.3358383178710938	0.2744092047214508	5.148333549499512	2.9642038345336914	6.1685261726379395	0.4680784344673157	3.0125694274902344	0.21907779574394226
auf	auf	79	11	5	535,537	b5	3			0	0	0	0	0	0	0	0	0	0	APPR	auf	3.0	appr	auf	3.0	auf	1.0	5092.06867979	5591.37797963	5914.8658555	5591.37797963	0.428085856899	6569.04767908	9351.09676518	8980.91288279	7572.83880855	489216.952266	1286948.94648	95233.9886234	112163.203452	83805.1382611	46267.0913278	41334.1231877	16266.7803613	7317.89743803	0.0692951484301	0.289895292654	0.0	0.0	3235.89246851	19.2638635605	0.0	0.0	3376.16047392	32.5345251244	5	8.727275848388672	4.143900394439697	7.385510444641113	4.634240627288818	0.4951375722885132	0.0017483439296483994	2.1185836791992188	0.006910235155373812	0.06763418763875961	0.0008780676289461553
eine	eine	80	12	5	538,541	b5	4			0	0	0	0	0	0	0	0	0	0	ART	eine	4.0	art	eine	4.0	ei-ne	2.0	4544.81254164	4602.28334698	17543.4333976	4654.20327368	7.70554542419	6231.56249212	7847.29862895	30417.7276523	27062.3036156	2386639.00405	4952915.26469	382524.871022	493577.855975	268757.733063	229873.543438	45007.5949345	21503.4825387	20569.6023896	0.0243873860821	0.18682983564	0.0	0.0	517.016520944	29.1098382692	4999.44503476	0.428085856899	15385.972825	53.5107321124	5	9.879404067993164	7.738865375518799	7.739013671875	6.9200873374938965	0.7808466553688049	1.7510377168655396	0.4737105071544647	1.2094805240631104	1.1989984512329102	0.00998761784285307
besondere	besondere	81	13	5	542,550	b5	9			0	0	0	0	0	0	0	0	0	0	ADJA	besondere	9.0	adja	besondere	9.0	be-son-de-re	4.0	87.4079446252	87.4079446252	235.311473821	744.357292743	148.117706487	514.107057311	163.843605242	51038.9720159	116693.636076	3812225.3434	8242877.50751	652767.66441	1120563.10414	253739.058362	307489.362066	20337.830725	14068.4280436	3126.49356139	0.00790956526043	0.153562929304	297.450249269	0.428085856899	310.849203744	2.9966009983	297.450249269	0.428085856899	442.484325737	6.84937371039	5	0.018056539818644524	2.4491562843322754	0.010338325053453445	2.2765612602233887	6.131053924560547	5.660012722015381	7.714399814605713	6.685061931610107	0.11598990112543106	0.00012885693286079913
physikalisch-chemische	physikalisch-chemische	82	14	5	551,572	b5	22			0	0	0	0	0	0	0	0	1	0	ADJA	physikalisch-chemische	22.0	adja	physikalisch-chemisch	21.0	physi-ka-lisch-che-mi-sche	6.0	0.269777606868	0.269777606868	0.956484242531	0.400578870804	4.28085856899	1.89102644916	0.512108256582	14673.4656401	51631.8632865	5340460.32088	12534653.5501	877715.966641	1969774.56999	307661.46249	698405.380183	3420.10969861	166.926938019	55.059157038	0.000183075333333	0.135092985939	0.0	0.0	0.016350157992	0.428085856899	0.457804423776	0.428085856899	0.678531556667	2.9966009983	5	9.28924560546875	7.764777660369873	10.256623268127441	9.025924682617188	8.550207138061523	7.545287132263184	7.229604244232178	7.299504280090332	30.079911947250366	29.99230420589447
Weise	Weise	83	15	5	573,577	b5	5			0	0	0	0	0	0	0	0	0	0	NN	Weise	5.0	nn	Weise	5.0	wei-se	2.0	252.49548987	253.280297454	262.232008954	356.122791223	26.1132372709	1066.79105418	475.267498972	11970.5719719	27927.8932183	2197230.98302	4749440.0637	305363.995515	514439.335953	162274.124509	237654.431973	13240.8075713	4570.94826919	968.428032944	0.086811184636	0.446280519315	0.0	0.0	214.448672223	15.4110908484	0.0	0.0	227.01376864	21.404292845	5	0.6416427493095398	2.4588863849639893	0.5267601609230042	0.6529669761657715	1.8936485052108765	3.454629421234131	3.028892993927002	1.5717114210128784	2.0180952548980713	0.1631452888250351
angeordnet	angeordnet	84	16	5	578,587	b5	10			0	0	0	0	0	0	0	0	0	0	VVPP	angeordnet	10.0	vvpp	anordnen	8.0	an-ge-ord-net	4.0	16.6689860728	16.6689860728	23.7649546414	353.997270684	190.49820632	149.391089483	31.4868985638	57154.3398588	116595.604414	3821811.66176	8449237.151	371010.697361	702035.976335	162994.152767	173893.184017	41334.1231877	8435.34898599	1078.74254892	0.0632391135032	0.347109537347	0.0	0.0	0.874733452571	2.1404292845	0.0	0.0	2.73865146366	2.5685151414	5	0.4754962921142578	2.4752674102783203	0.2572336196899414	1.1555397510528564	3.0939548015594482	3.22196364402771	3.202340602874756	3.3319084644317627	27.29938316345215	0.05841358006000519
sind	sind:	85	17	5	588,591	b5	4		$.	0	0	0	0	0	0	0	0	0	0	VAFIN	sind	4.0	vafin	sein	4.0	sind	1.0	2296.19983824	2298.63601178	17044.4184006	2302.62545033	5.99320199659	4304.10226671	4116.7606825	2333.22477101	26.1132372709	1332047.00373	2728807.18157	249282.495798	286785.417683	144872.038227	66814.7843732	48925.779496	15113.3748159	2467.07533941	0.0559257789967	0.326343386708	0.0	0.0	259.885761283	20.9762069881	0.0	0.0	267.325083169	26.5413231278	5	4.489808082580566	4.926255702972412	5.093630790710449	5.7730560302734375	3.9180259704589844	4.25910758972168	4.43204402923584	4.020838737487793	29.659050717949867	22.7443268597126
eine	eine	86	1	6	593,596	b5	4			0	0	1	0	0	0	0	0	0	0	ART	eine	4.0	art	eine	4.0	ei-ne	2.0	4544.81254164	4602.28334698	17543.4333976	4654.20327368	7.70554542419	6231.56249212	7847.29862895	30417.7276523	27062.3036156	2386639.00405	4952915.26469	382524.871022	493577.855975	268757.733063	229873.543438	45007.5949345	21503.4825387	20569.6023896	0.0243873860821	0.18682983564	0.0	0.0	517.016520944	29.1098382692	4999.44503476	0.428085856899	15385.972825	53.5107321124	5	8.206768035888672	4.048607349395752	8.047924041748047	4.231507301330566	16.381000518798828	0.006669759284704924	18.688858032226562	0.0011660212185233831	0.9848986268043518	5.006664650863968e-05
Fadenform	Fadenform,	87	2	6	597,605	b5	9		$,	0	0	0	0	0	0	1	0	0	0	NN	Fadenform	9.0	nn	Fadenform	9.0	fa-den-form	3.0	0.00817507899599	0.00817507899599	0.00817507899599	0.719406951647	8.13363128109	0.126068429944	0.0155184320176	24644.2906634	29145.3693953	2351362.39367	5225037.02943	357271.504273	681261.397786	76680.2217379	115943.629654	11807.4546207	1447.17700911	16.0068046742	6.2e-07	0.5	0.0	0.0	0.00817507899599	0.428085856899	0.0	0.0	0.00817507899599	0.428085856899	5	23.694000244140625	20.035354614257812	21.525556564331055	14.977486610412598	21.55219078063965	13.008773803710938	23.43987464904785	12.23849105834961	26.13898590579629	27.06161792576313
in	in	88	3	6	607,608	b5	2			0	0	1	0	0	0	0	0	0	0	APPR	in	2.0	appr	in	2.0	in	1.0	13129.4221199	13165.4578681	14298.1641135	0.0	0.0	8527.89894355	19687.5208529	18583.5486983	15158.092107	842500.587604	1735372.30627	309490.415689	350022.68855	273957.116004	252232.89583	37971.7622471	15391.66268	-0.00817507899599	0.0682365415668	0.281559937821	0.0	0.0	9683.14399346	42.380499833	0.0	0.0	17389.6438116	75.7711966712	5	8.469468116760254	4.265554428100586	7.106495380401611	2.7840919494628906	4.022074222564697	2.5431952476501465	4.511816024780273	2.8846676349639893	0.06157167628407478	0.003864678554236889
der	der	89	4	6	609,611	b5	3			0	0	0	0	0	0	0	0	0	0	PRELS	der	3.0	prels	die	3.0	der	1.0	1728.17899944	26530.3631386	10789.1994813	26530.3631386	0.428085856899	9372.80956103	30912.3596552	38163.5169	19310.096833	1332151.97174	2710999.66609	487983.455471	535760.152056	398226.025843	178781.068331	110461.430317	53801.2331077	27238.2432288	0.129811235347	0.318759302208	0.0	0.0	25590.4497812	36.8153836934	0.0	0.0	33289.1996244	55.22307554	5	1.9374936819076538	5.304156303405762	1.4860080480575562	3.3648312091827393	8.614601135253906	4.186653137207031	8.910806655883789	3.967160701751709	1.43264901638031	0.0040831537917256355
zum	zum	90	5	6	612,614	b5	3			0	0	0	0	0	0	0	0	0	0	APPRART	zum	3.0	apprart	zum	3.0	zum	1.0	1651.97908812	1651.97908812	1753.17839101	1651.97908812	0.428085856899	4157.73681955	2949.09178377	1759.48955199	40.6681564054	334500.075158	796971.292562	79591.3101428	74215.1045814	74055.9396294	41125.3521006	19838.2434724	15326.7362026	1754.61720491	0.0446728863733	0.258942942311	1694.48949889	0.428085856899	1814.22988095	26.9694089847	12615.7737315	1.2842575707	12735.6694401	30.8221816968	5	2.55679988861084	1.3496841192245483	2.9610817432403564	3.7526912689208984	7.5544610023498535	3.8099238872528076	7.83098030090332	3.4632515907287598	24.45296859741211	1.680836794548668e-05
Großteil	Großteil	91	6	6	615,622	b5	8			0	0	0	0	0	0	0	0	0	0	NN	Großteil	8.0	nn	Großteil	8.0	groß-teil	2.0	4.67614518571	4.67614518571	4.95409787157	25.1792433077	82.1924845247	55.5961776052	8.86102468207	1415.49040292	3305.67898698	2077547.26244	4941466.96461	221161.842717	507100.232023	43191.5747113	99205.4726496	15129.6759234	2639.29972862	437.432126918	0.00200665461538	0.0633123758374	0.0	0.0	0.0	0.0	0.0	0.0	0.261602527872	0.856171713799	5	0.31341782212257385	1.9509390592575073	0.2879246175289154	2.3093390464782715	7.495447635650635	6.3271403312683105	8.001818656921387	4.962193965911865	0.04278029501438141	29.59237289428711
β-Faltblattstrukturen	β-Faltblattstrukturen	92	7	6	623,643	b5	21			0	0	0	0	0	1	0	1	1	0	NN	β-Faltblattstrukturen	21.0	nn	β-Faltblattstruktur	19.0																															5	38.86166000366211	36.151397705078125	41.19004440307617	33.12358093261719	31.370561599731445	9.52637767791748	26.00240707397461	4.176721572875977	41.14689213037491	40.91723981499672
zu	zu	93	8	6	644,645	b5	2			0	0	0	0	0	0	0	0	0	0	PTKZU	zu	2.0	ptkzu	zu	2.0	zu	1.0	5677.21630908	8897.95218113	9058.93583672	0.0	0.0	7088.44961045	13807.9438853	16158.8284432	13822.8923193	227861.336305	547892.533326	51760.5780638	28442.4524183	57219.5279387	16021.5412803	19838.2434724	15326.7362026	-0.00817507899599	0.0592554444736	0.308475260123	0.0	0.0	1383.3868677	35.9592119796	0.0	0.0	4752.13254498	50.5141311141	5	7.993446350097656	3.1015708446502686	6.001704216003418	2.744174003601074	0.35069435834884644	0.009806905873119831	0.6848639249801636	0.0106348916888237	0.1798657476902008	4.931041717529297
finden	finden	94	9	6	646,651	b5	6			0	0	0	0	0	0	0	0	0	0	VVINF	finden	6.0	vvinf	finden	6.0	fin-den	2.0	136.564694628	207.753282525	684.180536254	343.508644333	16.2672625622	915.508938252	391.545558237	24279.9273925	23573.4038819	2374327.91552	4765907.24236	627046.773069	956842.096251	390042.673667	519570.373034	12864.091756	837.021813163	498.876020651	0.0281130423236	0.267115631873	0.0	0.0	213.721090192	11.5583181363	0.0	0.0	237.649546414	14.9830049915	5	11.735620498657227	7.811872959136963	11.132952690124512	7.325779914855957	7.394673824310303	0.0001995364436879754	7.2520952224731445	0.0007191693875938654	6.7110161781311035	0.005055857356637716
sind	sind	95	10	6	652,655	b5	4			0	0	0	0	0	0	0	0	0	0	VAFIN	sind	4.0	vafin	sein	4.0	sind	1.0	2296.19983824	2298.63601178	17044.4184006	2302.62545033	5.99320199659	4304.10226671	4116.7606825	2333.22477101	26.1132372709	1332047.00373	2728807.18157	249282.495798	286785.417683	144872.038227	66814.7843732	48925.779496	15113.3748159	2467.07533941	0.0559257789967	0.326343386708	0.0	0.0	259.885761283	20.9762069881	0.0	0.0	267.325083169	26.5413231278	5	4.860404968261719	7.7460618019104	4.950129985809326	10.016570091247559	7.402629375457764	3.591214656829834	7.704113960266113	3.5143003463745117	4.694681167602539	0.00028784899041056633
und	und	96	11	6	656,658	b5	3			0	0	0	0	0	0	0	0	0	0	KON	und	3.0	kon	und	3.0	und	1.0	22313.7473183	22313.7473183	23398.5884761	22313.7473183	0.428085856899	9064.0679761	29467.6401896	23513.5137367	723.037012303	869972.90787	1656300.13956	195202.966651	251153.263298	160187.509171	58920.0250002	32509.3788389	28906.6542257	22352.5789435	0.120238001286	0.419307858966	0.0	0.0	2201.34439665	22.6885504157	0.0	0.0	2454.42031712	42.8085856899	5	0.2825917601585388	13.170492172241211	0.06610453873872757	5.070693492889404	0.09281822293996811	1.8566237688064575	0.29770439863204956	1.5855708122253418	6.25115966796875	7.903263758635148e-05
in	in	97	12	6	659,660	b5	2			0	0	0	0	0	0	0	0	0	0	APPR	in	2.0	appr	in	2.0	in	1.0	13129.4221199	13165.4578681	14298.1641135	0.0	0.0	8527.89894355	19687.5208529	18583.5486983	15158.092107	842500.587604	1735372.30627	309490.415689	350022.68855	273957.116004	252232.89583	37971.7622471	15391.66268	-0.00817507899599	0.0682365415668	0.281559937821	0.0	0.0	9683.14399346	42.380499833	0.0	0.0	17389.6438116	75.7711966712	5	3.913526773452759	2.723245620727539	5.497298717498779	1.2832937240600586	13.036022186279297	7.042459964752197	11.534980773925781	8.418395042419434	21.200531005859375	0.09316810220479965
der	der	98	13	6	661,663	b5	3			0	0	0	0	0	0	0	0	0	0	PRELS	der	3.0	prels	die	3.0	der	1.0	1728.17899944	26530.3631386	10789.1994813	26530.3631386	0.428085856899	9372.80956103	30912.3596552	38163.5169	19310.096833	1332151.97174	2710999.66609	487983.455471	535760.152056	398226.025843	178781.068331	110461.430317	53801.2331077	27238.2432288	0.129811235347	0.318759302208	0.0	0.0	25590.4497812	36.8153836934	0.0	0.0	33289.1996244	55.22307554	5	7.402405738830566	4.263501167297363	5.750855445861816	3.1360909938812256	0.24861730635166168	4.997424602508545	0.08399205654859543	3.384706497192383	0.5426003932952881	0.4933261275291443
eine	eine	99	14	6	664,667	b5	4			0	0	0	0	0	0	0	0	0	0	ART	eine	4.0	art	eine	4.0	ei-ne	2.0	4544.81254164	4602.28334698	17543.4333976	4654.20327368	7.70554542419	6231.56249212	7847.29862895	30417.7276523	27062.3036156	2386639.00405	4952915.26469	382524.871022	493577.855975	268757.733063	229873.543438	45007.5949345	21503.4825387	20569.6023896	0.0243873860821	0.18682983564	0.0	0.0	517.016520944	29.1098382692	4999.44503476	0.428085856899	15385.972825	53.5107321124	5	3.0520071983337402	7.908921241760254	7.042120933532715	8.041482925415039	3.2146029472351074	5.359030723571777	3.960679054260254	0.9279002547264099	0.571052610874176	0.04437931254506111
Doppelbrechung	Doppelbrechung	100	15	6	668,681	b5	14			0	0	0	0	0	0	1	0	0	0	NN	Doppelbrechung	14.0	nn	Doppelbrechung	14.0	dop-pel-bre-chung	4.0	0.670356477671	0.670356477671	0.670356477671	4.91322247659	69.7779946746	1.38675272938	1.19491926536	1051.07808159	5535.57821557	3458383.669	8104597.6421	371167.977705	941517.05066	104778.26255	262005.667857	19121.5915224	954.693900231	49.9170323495	0.00899715853659	0.175461687634	0.0	0.0	0.0	0.0	0.0	0.0	0.0	0.0	5	18.91366195678711	17.493614196777344	18.807086944580078	15.955033302307129	14.857677459716797	12.008193969726562	15.107922554016113	19.231388092041016	6.824577312916517	8.160374422557652
von	von	101	16	6	682,684	b5	3			0	0	0	0	0	0	0	0	0	0	APPR	von	3.0	appr	von	3.0	von	1.0	7955.34104766	7955.34104766	8265.3727435	7955.34104766	0.428085856899	7856.20634881	12401.4928732	8585.23905938	340.756342092	620899.645044	1436353.90714	258695.641457	333765.271963	253104.606831	264495.4152	23102.1601118	13320.2529889	7993.18348833	0.0874371201871	0.312235645495	0.0	0.0	3224.03042889	30.8221816968	0.0	0.0	3276.15473257	38.9558129779	5	3.138477325439453	2.211843967437744	3.0451791286468506	2.233886480331421	2.3392605781555176	0.001311990898102522	0.37360113859176636	0.0014193708775565028	4.375492095947266	0.016796592622995377
polarisiertem	polarisiertem	102	17	6	685,697	b5	13			0	0	0	0	0	0	1	0	0	0	ADJA	polarisiertem	13.0	adja	polarisiert	11.0	pol-a-ri-sier-tem	5.0	0.0572255529719	0.0572255529719	0.703056793655	7.59464838728	32.1064392675	0.504273719775	0.108629024123	14607.1493992	61911.0608824	4176189.5069	9907095.09499	525032.398451	1175146.61941	84314.4947331	165551.931095	3420.10969861	724.84337918	531.085831896	0.010833588	0.440098261143	0.457804423776	0.856171713799	0.465979502772	1.2842575707	0.694881714659	1.2842575707	0.703056793655	1.7123434276	5	13.945157051086426	11.978504180908203	11.826363563537598	9.972487449645996	9.641175270080566	5.288283348083496	9.00957202911377	5.153941631317139	0.12021346658002585	0.12548360868822783
Licht	Licht	103	18	6	698,702	b5	5			0	0	0	0	0	0	0	0	0	0	NN	Licht	5.0	nn	Licht	5.0	licht	1.0	115.636492398	115.636492398	135.959738782	116.797353616	3.8527727121	305.968079474	211.252415056	326.169301782	1196.49997003	1008327.92845	2342297.02309	297606.213426	485976.335414	178725.988659	203883.166808	8934.00427951	1490.48857763	222.811778036	0.0521339792319	0.263952238756	6860.1502398	0.856171713799	6935.41819212	10.2740605656	6860.1502398	0.856171713799	6955.16918297	15.4110908484	5	0.015700770542025566	2.8369152545928955	0.015920665115118027	2.9911115169525146	0.06876737624406815	0.014766190201044083	0.022655632346868515	0.007690709549933672	0.7020683288574219	0.005539661273360252
nach	nach	104	19	6	703,706	b5	4			0	0	0	0	0	0	0	0	0	0	APPR	nach	4.0	appr	nach	4.0	nach	1.0	2391.39045807	2502.6941586	2810.50223295	2502.74320907	2.1404292845	4686.84602002	4309.48408973	3967.0388336	3346.34714338	1067927.15648	2448323.1877	213866.982652	365842.601392	118034.496495	66628.5670254	21439.2836433	4139.62292628	3075.39114258	0.0451554294378	0.247249102273	0.0	0.0	2812.17812415	22.2604645588	0.0	0.0	2844.01188176	30.8221816968	5	3.5605924129486084	2.0194125175476074	3.844249725341797	0.387129008769989	0.005156669300049543	3.519238233566284	0.006708007305860519	4.401532173156738	0.006927638314664364	0.16901977360248566
Färbung	Färbung	105	20	6	707,713	b5	7			0	0	0	0	0	0	0	0	0	0	NN	Färbung	7.0	nn	Färbung	7.0	fär-bung	2.0	6.76079032969	6.76079032969	7.27582030643	7.22676983246	2.9966009983	46.1410453594	12.7095958224	385.920954164	1238.02429815	1241008.5147	2953331.36414	150983.351231	386425.397478	81660.3899364	210351.544106	11807.4546207	258.651324354	12.6877226018	0.0699348325526	0.333496850213	0.0	0.0	0.016350157992	0.856171713799	0.0	0.0	0.016350157992	0.856171713799	5	11.986804962158203	12.394562721252441	11.704246520996094	11.196830749511719	15.916959762573242	13.91043472290039	15.859983444213867	13.922901153564453	0.21002324670553207	0.29515694081783295
mit	mit	106	21	6	714,716	b5	3			0	0	0	0	0	0	0	0	0	0	APPR	mit	3.0	adv	mit	3.0	mit	1.0	0.228902211888	6389.55999248	6727.32973136	6389.55999248	0.428085856899	6848.28925141	10606.5379154	9545.0750843	6105.78857696	754691.189375	1756517.60717	154872.35076	192565.004837	138846.449102	106042.43187	21052.512481	9522.82251927	6974.74032209	0.0635514315396	0.282257671036	0.0	0.0	1501.70478601	30.3940958399	0.0	0.0	1518.70077524	44.5209291175	5	0.6093524694442749	2.556857109069824	0.23159997165203094	2.3511996269226074	0.6637064218521118	0.012113929726183414	0.2807953953742981	0.0024180954787880182	0.41179317235946655	29.209688186645508
Kongorot	Kongorot	107	22	6	717,724	b5	8			0	0	0	0	0	1	0	0	0	0	NN	Kongorot	8.0	nn	Kongorot	8.0	kon-go-rot	3.0	0.032700315984	0.032700315984	0.04087539498	81.636338854	61.6443633935	0.378205289831	0.0620737280705	2465.9880539	14408.0856857	1585867.42865	4155803.13188	199999.743303	476901.343333	104869.995111	147564.61956	13511.0511576	3068.45867559	1065.98942568	8.9395e-06	0.13136589225	0.0	0.0	0.0	0.0	0.0	0.0	0.00817507899599	0.428085856899	5	26.890838623046875	28.382869720458984	30.288272857666016	30.82457733154297	9.739983558654785	5.721378803253174	7.06942081451416	1.7692680358886719	15.39523983001709	15.745526313781738
auftritt	auftritt.	108	23	6	725,732	b5	8		$.	0	0	0	0	0	0	0	0	0	0	VVFIN	auftritt	8.0	vvfin	auftreten	9.0	auf-tritt	2.0	10.243373982	10.243373982	49.7535307696	175.96040031	164.384969049	68.2030205996	19.4290768861	9224.54658702	7726.94971704	2034564.15224	5152323.65003	254764.507571	449758.131491	161925.269363	145728.131234	41334.1231877	16266.7803613	7317.89743803	0.0701435636526	0.415301620339	0.0	0.0	6.03320829904	1.2842575707	0.0	0.0	6.04955845703	2.1404292845	5	11.576345443725586	9.705798149108887	5.183196544647217	4.055987358093262	3.9086947441101074	2.28459095954895	3.623563766479492	2.6540610790252686	26.64114010334015	30.033270359039307
Das	Das	109	1	7	734,736	b5	3			0	0	0	1	0	0	0	0	0	0	ART	Das	3.0	art	d	1.0	das	1.0	1025.44103386	1740.04103906	80100.3069113	1740.04103906	0.428085856899	4030.78591059	3283.94850984	9530.4416929	290.670296835	534766.342386	1447841.16302	107744.769815	172544.285482	102628.919831	139156.585245	19121.5915224	4160.8290812	1825.47061457	0.0254258224001	0.0443506865775	7683.24989344	0.428085856899	9528.85572757	34.246868552	7683.24989344	0.428085856899	9963.39387652	44.0928432606	5	3.379631519317627	1.1041638851165771	3.4460017681121826	1.2159829139709473	13.857563972473145	0.026432693004608154	16.26984405517578	0.455380916595459	1.363626480102539	0.07176598161458969
Prion	Prion	110	2	7	737,741	b5	5			0	0	0	0	0	1	0	0	0	0	NN	Prion	5.0	nn	Prion	5.0	pri-on	2.0	0.04087539498	0.04087539498	0.04087539498	41.1042971919	18.8357777036	0.504273719775	0.0775921600881	3574.03008594	12975.2823226	1309542.43372	3018939.37448	260640.500926	472893.175455	228289.669569	327622.668002	10343.3797233	3039.31451897	422.422681881	8.4866e-05	0.0935278122	3.84228712812	2.5685151414	3.92403791808	4.70894442589	3.91586283908	2.9966009983	4.10388965599	6.84937371039	5	15.77383041381836	2.414161443710327	15.11896800994873	2.7435100078582764	12.640901565551758	0.8475235104560852	13.968245506286621	2.4561164379119873	6.820162653923035	0.057759011251619086
bringt	bringt	111	3	7	742,747	b5	6			0	0	0	0	0	0	0	0	0	0	VVFIN	bringt	6.0	vvfin	bringen	7.0	bringt	1.0	89.5334651641	89.5334651641	535.434973922	116.543926167	14.5549191346	471.49592799	168.359468959	109.071903965	32.1064392675	1672239.01851	3910854.54499	251733.433531	428986.549542	120606.989478	121775.871369	20337.830725	1265.33055192	463.862157312	0.0300125477746	0.207762266131	0.0	0.0	22.9065713468	4.70894442589	0.0	0.0	29.8308632564	8.13363128109	5	6.264043807983398	3.7921628952026367	5.425454139709473	4.369559288024902	11.861237525939941	7.889500141143799	11.030241012573242	7.21693229675293	1.3509234189987183	0.0003215749457012862
keine	keine	112	4	7	748,752	b5	5			0	0	0	0	0	0	0	0	0	0	PIAT	keine	5.0	piat	keine	5.0	kei-ne	2.0	690.336370738	690.336370738	1610.00005747	694.660987526	5.99320199659	2106.3513275	1242.70051754	17007.1727407	23043.8616769	2439870.89196	5162128.5285	361735.816812	534857.74707	219660.546685	230458.736804	11052.747678	1953.97468131	1637.88525193	0.0138213898568	0.156099711928	1148.15714467	0.428085856899	1973.77472263	19.6919494174	5750.44049165	0.856171713799	7584.25786187	24.8289797002	5	9.174017906188965	3.8986318111419678	10.055074691772461	3.1145925521850586	5.771994113922119	3.7015390396118164	6.812648773193359	2.838898181915283	0.11559566855430603	0.6360441446304321
genetische	genetische	113	5	7	753,762	b5	10			0	0	0	0	0	0	0	0	0	0	ADJA	genetische	10.0	adja	genetisch	9.0	ge-ne-ti-sche	4.0	2.32989751386	2.32989751386	6.80984080366	30.1169910212	52.2264745417	12.2286377045	4.34516096494	72542.3564536	175236.08935	4190870.37099	9221184.25671	726190.207094	1529786.64201	291113.475762	513754.398582	23747.2147199	15623.9820749	967.185420937	0.00171342442958	0.125073959673	0.0	0.0	0.277952685864	1.2842575707	0.0	0.0	4.57804423776	3.4246868552	5	6.050399303436279	10.818023681640625	5.4125261306762695	10.5839262008667	8.728875160217285	5.151561737060547	9.1610746383667	5.560701847076416	0.005797932702989783	0.003579596886993386
Veränderung	Veränderung	114	6	7	763,773	b5	11			0	0	0	0	0	0	0	0	0	0	NN	Veränderung	11.0	nn	Veränderung	11.0	ver-än-de-rung	4.0	29.0378805938	29.0378805938	63.5775893518	639.659056041	584.765280525	162.124000908	52.9799269082	34228.4262751	81804.2106525	3739285.92336	8036574.37136	658751.969387	1310054.02444	165749.710294	344286.338068	10632.1480387	5672.28673645	5517.81044374	0.0127161278505	0.146491823292	0.0	0.0	0.0899258689559	1.2842575707	0.0	0.0	0.114451105944	2.1404292845	5	12.380165100097656	0.015673309564590454	7.924369812011719	0.009257251396775246	1.8603063821792603	0.776621401309967	3.1182239055633545	4.41405725479126	1.7523612768854946e-05	0.005534444935619831
mit	mit	115	7	7	774,776	b5	3			0	0	0	0	0	0	0	0	0	0	PTKVZ	mit	3.0	ptkvz	mit	3.0	mit	1.0	78.3090817026	6389.55999248	6727.32973136	6389.55999248	0.428085856899	6848.28925141	10606.5379154	9545.0750843	6105.78857696	754691.189375	1756517.60717	154872.35076	192565.004837	138846.449102	106042.43187	21052.512481	9522.82251927	6974.74032209	0.0635514315396	0.282257671036	0.0	0.0	1501.70478601	30.3940958399	0.0	0.0	1518.70077524	44.5209291175	5	1.5201257467269897	0.07686449587345123	0.6062264442443848	0.03291518613696098	5.976142406463623	1.0216001272201538	7.072017669677734	0.2738153040409088	0.005780409090220928	0.06058422848582268
sich	sich,	116	8	7	777,780	b5	4		$,	0	0	0	0	0	0	0	0	0	0	PRF	sich	4.0	prf	sich	4.0	sich	1.0	6557.46793998	6557.46793998	6566.55045274	6557.81946837	0.856171713799	6282.99841154	11211.8033194	6926.29480396	1064.22144025	990057.517976	2298056.06212	287477.77288	411907.636196	194753.386357	108862.23341	48925.779496	15113.3748159	6879.41072592	0.109257424523	0.373105981887	0.0	0.0	1254.85010065	21.404292845	0.0	0.0	4636.93750684	29.5379241261	5	1.3080536127090454	1.0471676588058472	1.2017829418182373	1.2570947408676147	0.8554124236106873	0.9101700782775879	0.6704229712486267	0.6274816989898682	27.556938875466585	30.444209217097523
denn	denn	117	9	7	782,785	b5	4			0	0	1	0	0	0	0	0	0	0	KON	denn	4.0	kon	denn	4.0	denn	1.0	383.337629201	664.960925534	854.590057925	671.762591259	5.56511613969	1372.25485994	1238.51054089	855.620117879	17.5515201329	1937463.14725	3819161.97913	599919.596463	762064.743705	397025.351991	283430.508823	110461.430317	53801.2331077	11287.0372669	0.0152404944839	0.109033613454	2742.96790537	0.856171713799	3506.15240504	22.2604645588	12584.6021553	1.2842575707	13785.2351321	26.9694089847	5	0.3438147008419037	4.9198079109191895	0.316834032535553	5.674881935119629	0.4595136046409607	0.0032035005278885365	1.0305016040802002	0.0009638193296268582	0.0023084438871592283	0.0005022218101657927
das	das	118	10	7	786,788	b5	3			0	0	0	0	0	0	0	0	0	0	ART	das	3.0	art	d	1.0	das	1.0	5535.50948977	7683.24989344	80100.3069113	7683.24989344	0.428085856899	6503.8703008	12246.2154424	9530.4416929	290.670296835	734069.119328	1662118.68252	216547.190476	169684.671958	215247.31204	124039.161294	110461.430317	19319.7963127	7903.50287175	0.0288325249482	0.178984875387	0.0	0.0	15300.9683536	34.6749544089	0.0	0.0	16474.0513142	50.942216971	5	0.9642388820648193	5.2819743156433105	0.8849488496780396	6.166399955749512	1.2602479457855225	2.762610673904419	0.9197432398796082	2.9258711338043213	0.0001494772732257843	6.425174069590867e-05
verantwortliche	verantwortliche	119	11	7	789,803	b5	15			0	0	0	0	0	0	0	0	0	0	ADJA	verantwortliche	15.0	adja	verantwortlich	14.0	ve-rant-wort-li-che	5.0	3.30273191438	3.30273191438	46.0338698264	140.627708889	241.440423291	41.9807871713	6.20737280705	18220.1500868	54281.2866549	4593969.43062	10689257.6135	722226.454642	1489719.94623	289043.161531	433031.532804	23102.1601118	7335.96436261	7300.98319958	0.0102593095099	0.114793307913	0.0	0.0	0.825682978595	0.428085856899	40.0987624753	0.856171713799	42.7229628331	2.9966009983	5	4.121391296386719	1.070050597190857	5.139226913452148	0.9431756138801575	8.581185340881348	10.010370254516602	8.34691333770752	7.975616931915283	5.36426339391619	4.4174564932473
Gen	Gen	120	12	7	804,806	b5	3			0	0	0	0	0	0	1	0	0	0	NN	Gen	3.0	nn	Gen	3.0	gen	1.0	2.77135177964	2.77135177964	7.21041967447	2.77135177964	0.428085856899	11.0940218351	5.05900883775	18942.7616694	41430.5773166	1260815.18601	2638378.32516	396798.558949	686136.86761	348244.925399	480776.37651	15129.6759234	8582.12435428	817.982054181	0.0115723300328	0.209397561728	10047.5072643	4.70894442589	10071.1822931	33.8187826951	10110.6433994	6.42128785349	10142.2809551	45.3771008313	5	2.3821918964385986	3.150007963180542	2.484255313873291	1.9316725730895996	0.13298314809799194	0.008667586371302605	1.8230862617492676	0.05526849254965782	2.3235301971435547	0.00026067672297358513
führt	führt	121	13	7	807,811	b5	5			0	0	0	0	0	0	0	0	0	0	VVFIN	führt	5.0	vvfin	führen	6.0	führt	1.0	115.546566529	115.546566529	495.79401587	170.785575305	4.28085856899	542.976727768	217.273566679	429.281573159	86.4733430937	925325.517544	2318250.58434	148483.5674	192682.300362	115769.084005	103404.138734	12864.091756	5154.69795998	618.542826995	0.0444310020418	0.258882563818	0.0	0.0	80.7043798484	7.27745956729	0.0	0.0	195.081910081	10.7021464225	5	9.955399513244629	5.941318035125732	9.63066577911377	5.865662574768066	0.058154474943876266	0.005640780087560415	0.03245910629630089	0.010836562141776085	0.05089404806494713	2.5692996978759766
weiterhin	weiterhin	122	14	7	812,820	b5	9			0	0	0	0	0	0	0	0	0	0	ADV	weiterhin	9.0	adv	weiterhin	9.0	wei-ter-hin	3.0	55.7213384367	55.7213384367	62.3922028974	90.3100976687	50.0860452572	476.538665187	105.028747895	15625.3146128	38524.3024341	3643876.32587	7861038.19382	704509.17819	1198883.98017	314508.892307	380293.067578	34258.3961147	9994.2302745	2505.75163814	0.0142348238942	0.197457434247	0.0	0.0	6.67086446073	0.856171713799	0.0	0.0	6.68721461872	1.7123434276	5	2.5103402137756348	8.619754791259766	0.8005531430244446	7.15958309173584	8.421609878540039	7.497305870056152	7.7589826583862305	2.0586602687835693	5.349754810333252	0.07994810491800308
zur	zur	123	15	7	821,823	b5	3			0	0	0	0	0	0	0	0	0	0	APPRART	zur	3.0	apprart	zur	3.0	zur	1.0	1694.48949889	1694.48949889	1790.59572757	1694.48949889	0.428085856899	4293.00824488	2973.92127499	1805.646048	102.740605656	568301.260359	1400712.76295	166723.967158	135076.927028	153939.647823	92110.8057432	19838.2434724	15326.7362026	2405.29626744	0.0478070617353	0.273718659164	2374.50074486	0.428085856899	4321.90266265	25.685151414	11272.452926	0.856171713799	13220.8522034	30.8221816968	5	6.035223007202148	0.016181915998458862	7.296197414398193	0.014698784798383713	0.07956472784280777	1.2144551277160645	0.10515755414962769	0.6622216105461121	0.014508583582937717	0.08594059199094772
Expression	Expression	124	16	7	824,833	b5	10			0	0	0	0	0	0	1	0	0	0	NN	Expression	10.0	nn	Expression	10.0	ex-press-i-on	4.0	0.400578870804	0.400578870804	0.515029976748	22.0154877362	27.8255806985	4.41239504803	0.760403168864	7341.8831198	26226.6800229	2658579.15639	6293212.69874	375351.435405	716602.453788	238243.351451	345382.237862	14903.9783425	367.894904978	136.989798736	0.0160605609388	0.236153720184	0.0	0.0	0.16350157992	0.428085856899	0.0	0.0	0.188026816908	1.2842575707	5	9.632269859313965	7.944583415985107	9.252763748168945	8.545790672302246	0.7758476734161377	2.4819841384887695	0.565265417098999	2.6749346256256104	0.09047537139849737	0.09700086849625222
von	von	125	17	7	834,836	b5	3			0	0	0	0	0	0	0	0	0	0	APPR	von	3.0	appr	von	3.0	von	1.0	7955.34104766	7955.34104766	8265.3727435	7955.34104766	0.428085856899	7856.20634881	12401.4928732	8585.23905938	340.756342092	620899.645044	1436353.90714	258695.641457	333765.271963	253104.606831	264495.4152	23102.1601118	13320.2529889	7993.18348833	0.0874371201871	0.312235645495	0.0	0.0	3224.03042889	30.8221816968	0.0	0.0	3276.15473257	38.9558129779	5	2.8896682262420654	0.5813732743263245	2.7089743614196777	0.5461149215698242	4.8697123527526855	4.636924743652344	4.323095321655273	6.21610689163208	0.5493811964988708	0.8069013953208923
Proteinen	Proteinen	126	18	7	837,845	b5	9			0	0	0	0	0	0	1	0	0	0	NN	Proteinen	9.0	nn	Protein	7.0	pro-tei-nen	3.0	0.866558373575	0.866558373575	4.20199060394	296.853468502	171.23434276	2.0170948791	1.5828800658	16232.2161273	39219.9419516	3604983.81265	7969531.41722	685351.608145	1261275.78147	415166.947744	553276.569149	10343.3797233	3039.31451897	1551.10678838	0.038937126566	0.282889803396	0.0	0.0	0.253427448876	0.428085856899	1.97019403803	0.428085856899	2.22362148691	0.856171713799	5	4.569716930389404	2.6219027042388916	3.277503490447998	2.514383554458618	3.87141752243042	3.6133437156677246	3.293778896331787	3.6411361694335938	0.038741493597626686	0.05347190564498305
mit	mit	127	19	7	846,848	b5	3			0	0	0	0	0	0	0	0	0	0	APPR	mit	3.0	appr	mit	3.0	mit	1.0	6311.02200856	6389.55999248	6727.32973136	6389.55999248	0.428085856899	6848.28925141	10606.5379154	9545.0750843	6105.78857696	754691.189375	1756517.60717	154872.35076	192565.004837	138846.449102	106042.43187	21052.512481	9522.82251927	6974.74032209	0.0635514315396	0.282257671036	0.0	0.0	1501.70478601	30.3940958399	0.0	0.0	1518.70077524	44.5209291175	5	0.8431252241134644	3.956730604171753	0.058200474828481674	3.9960198402404785	5.265818119049072	1.3125009536743164	5.493963241577148	1.1235220432281494	0.012077419087290764	0.0059336465783417225
normaler	normaler	128	20	7	849,856	b5	8			0	0	0	0	0	0	0	0	0	0	ADJA	normaler	8.0	adja	normal	6.0	nor-ma-ler	3.0	6.51553795981	6.51553795981	61.280392154	37.1720841948	17.5515201329	65.8077204306	12.2595612939	6903.55990927	28852.5586692	2560108.31882	6109310.86739	396371.223045	722818.688516	226546.669151	182531.100438	21439.2836433	2874.48040118	157.468371621	0.0092827238394	0.130208697991	23.2744499016	0.428085856899	28.9970051988	3.4246868552	38.1857939903	0.856171713799	44.0963761044	5.56511613969	5	1.5950461626052856	2.977315664291382	1.65269935131073	3.342945098876953	3.162437677383423	2.1003329753875732	2.6160824298858643	2.691638469696045	4.071325695258565	4.368144859850872
Primärstruktur	Primärstruktur.	129	21	7	857,870	b5	14		$.	0	0	0	0	0	1	0	0	0	0	NN	Primärstruktur	14.0	nn	Primärstruktur	14.0	pri-mär-struk-tur	4.0	0.155326500924	0.155326500924	0.16350157992	20.43769749	145.977277203	0.630342149719	0.279331776317	1352.35426783	9298.45289771	3110958.45059	7856740.6399	274174.115301	612507.812567	141330.929184	175858.954272	10343.3797233	3039.31451897	422.422681881	2.24972105263e-05	0.131800910053	0.0	0.0	0.0	0.0	0.0	0.0	0.0	0.0	5	17.174596786499023	8.9014253616333	11.959537506103516	7.612171173095703	9.38858413696289	1.124456763267517	7.996399879455566	3.1496329307556152	25.412595454727125	26.89129647171285
Die	Die	130	1	8	872,874	b5	3			0	0	0	1	0	0	0	0	0	0	ART	Die	3.0	art	d	1.0	die	1.0	4044.09712821	4092.99227569	80100.3069113	4092.99227569	0.428085856899	7006.50513099	7668.65043956	33694.5118659	1928.95487119	1162034.30857	2398782.95191	235702.357048	295575.732669	203871.746843	202066.798517	19121.5915224	6400.40832231	5199.86527143	0.05895410862	0.0848217844714	29483.8638533	0.856171713799	35483.8322812	32.5345251244	29483.8638533	0.856171713799	35649.500257	46.661358402	5	2.596069812774658	7.289455413818359	2.6906306743621826	8.950380325317383	14.794800758361816	1.683180570602417	15.558847427368164	0.2280135303735733	0.037912070751190186	1.5616295058862306e-05
Prionenform	Prionenform	131	2	8	875,885	b5	11			0	0	0	0	0	1	0	0	0	0	NN	Prionenform	11.0	nn	Prionenform	11.0	pri-o-nen-form	4.0																													5	24.13001251220703	15.37299919128418	25.337411880493164	11.71418571472168	23.17396354675293	9.377938270568848	23.00107192993164	9.844879150390625	9.130234122276306	1.090183098509442
vermehrt	vermehrt	132	3	8	886,893	b5	8			0	0	0	0	0	0	0	0	0	0	VVFIN	vermehrt	8.0	vvfin	vermehren	9.0	ver-mehrt	2.0	0.0899258689559	11.0854071186	9.11521308053	1263.26225693	486.305533438	98.0812384963	20.8567726317	15308.4158506	39539.2940008	2852281.67722	6456345.51666	366358.791284	670733.054221	143119.832671	156180.275516	23102.1601118	7335.96436261	7300.98319958	0.0285428334509	0.302745340998	0.0	0.0	16.9469387587	3.4246868552	0.0	0.0	26.9941108448	5.56511613969	5	7.6609344482421875	0.16233879327774048	6.155653953552246	0.03195132315158844	8.8931303024292	7.918431758880615	10.870710372924805	9.005611419677734	1.2356535196304321	0.06399539113044739
sich	sich	133	4	8	894,897	b5	4			0	0	0	0	0	0	0	0	0	0	PRF	sich	4.0	prf	sich	4.0	sich	1.0	6557.46793998	6557.46793998	6566.55045274	6557.81946837	0.856171713799	6282.99841154	11211.8033194	6926.29480396	1064.22144025	990057.517976	2298056.06212	287477.77288	411907.636196	194753.386357	108862.23341	48925.779496	15113.3748159	6879.41072592	0.109257424523	0.373105981887	0.0	0.0	1254.85010065	21.404292845	0.0	0.0	4636.93750684	29.5379241261	5	6.5890655517578125	0.1802978664636612	9.19068717956543	0.028752224519848824	9.532217979431152	0.0003586364327929914	10.085445404052734	0.0013067525578662753	3.030958890914917	1.010916829109192
somit	somit	134	5	8	898,902	b5	5			0	0	0	0	0	0	0	0	0	0	ADV	somit	5.0	adv	somit	5.0	so-mit	2.0	38.4146962022	38.4146962022	44.2108272103	38.5454974661	2.9966009983	270.416782229	72.6572987065	17105.0611366	14530.9463266	1140181.7665	2884021.69539	201703.397065	239695.117253	165772.044609	118415.825478	48925.779496	8037.09183762	48.985073344	0.00284890741051	0.207550296933	0.0	0.0	30.9917244738	2.9966009983	0.0	0.0	31.4822292136	3.8527727121	5	13.690046310424805	0.03830280154943466	8.92739486694336	0.004370186012238264	8.461326599121094	5.981398105621338	6.910961627960205	5.7398200035095215	7.231562614440918	4.256797790527344
über	über	135	6	8	903,906	b5	4			0	0	0	0	0	0	0	0	0	0	APPR	über	4.0	appr	über	4.0	ü-ber	2.0	2108.70440146	2127.76868568	2237.96057547	2158.5887335	1.7123434276	4705.63021608	3662.52065891	16754.4973991	24846.1031344	1219536.24461	2729799.48458	331123.824758	515246.277793	217997.727442	172072.534868	4201.6554257	4185.99197435	3864.02466317	0.061186912624	0.29530401917	2250.5583722	0.428085856899	3200.9440058	10.7021464225	2250.5583722	0.428085856899	3226.96528225	19.2638635605	5	0.10719768702983856	3.994838237762451	0.012222157791256905	4.316102027893066	7.434566497802734	2.370150566101074	9.835744857788086	1.746673822402954	0.0028481415938585997	0.033831678330898285
die	die	136	7	8	907,909	b5	3			0	0	0	0	0	0	0	0	0	0	ART	die	3.0	art	d	1.0	die	1.0	20527.116504	24520.1275636	80100.3069113	24520.1275636	0.428085856899	9091.29875697	30440.211361	33694.5118659	1928.95487119	1361337.08551	2613060.47141	356516.797331	303924.26305	343523.065172	189343.230678	110461.430317	29991.8223867	29048.3692201	0.0938387928357	0.266249299869	0.0	0.0	15201.9436218	35.5311261227	0.0	0.0	15852.8515865	58.2196765383	5	8.156612396240234	6.466353893280029	8.50839614868164	3.169604778289795	1.2274360656738281	5.023311138153076	0.5374727845191956	3.951564311981201	4.7014570236206055	1.8070082664489746
Umwandlung	Umwandlung	137	8	8	910,919	b5	10			0	0	0	0	0	0	0	0	0	0	NN	Umwandlung	10.0	nn	Umwandlung	10.0	um-wand-lung	3.0	12.8430491027	12.8430491027	14.1101863471	13.9466847672	8.13363128109	102.997907264	24.1001249234	6228.46188578	13172.2018168	2059897.88819	4539397.59758	258054.674389	579257.955976	91966.2950976	235094.050463	5614.22732542	736.574617539	99.6787381981	0.00312947154876	0.0965986052078	0.0	0.0	0.0	0.0	0.0	0.0	0.130801263936	0.856171713799	5	4.677420139312744	0.14612647891044617	4.0749735832214355	0.06549588590860367	6.990106582641602	4.84790563583374	8.883459091186523	3.5702435970306396	2.851987838745117	0.007704187650233507
vom	vom	138	9	8	920,922	b5	3			0	0	0	0	0	0	0	0	0	0	APPRART	vom	3.0	apprart	vom	3.0	vom	1.0	1070.10149042	1070.10149042	1120.19019943	1070.10149042	0.428085856899	3414.4373566	1889.72602208	1121.14668367	17.123434276	254662.834113	704941.395046	76489.2682427	70161.1315165	70068.4549232	40004.1952414	23102.1601118	13320.2529889	1070.7309715	0.0456636596419	0.247575195203	9646.86299288	0.856171713799	9801.78073985	21.404292845	9646.86299288	0.856171713799	9809.30998761	24.4008938433	5	1.1423542499542236	4.780129432678223	1.2416961193084717	5.707560062408447	0.008728919550776482	10.291536331176758	0.13950864970684052	8.534414291381836	0.31954923272132874	0.6759570240974426
Wildtypprotein	Wildtypprotein	139	10	8	923,936	b5	14			0	0	0	0	0	1	0	0	0	0	NN	Wildtypprotein	14.0	nn	Wildtypprotein	14.0	wild-typ-pro-te-in	5.0																													5	47.528263092041016	8.086645126342773	35.929779052734375	3.597729206085205	26.53371238708496	2.6596851348876953	19.0059757232666	0.9747150540351868	13.969160631299019	0.010546266195888165
zum	zum	140	11	8	937,939	b5	3			0	0	0	0	0	0	0	0	0	0	APPRART	zum	3.0	apprart	zum	3.0	zum	1.0	1651.97908812	1651.97908812	1753.17839101	1651.97908812	0.428085856899	4157.73681955	2949.09178377	1759.48955199	40.6681564054	334500.075158	796971.292562	79591.3101428	74215.1045814	74055.9396294	41125.3521006	19838.2434724	15326.7362026	1754.61720491	0.0446728863733	0.258942942311	1694.48949889	0.428085856899	1814.22988095	26.9694089847	12615.7737315	1.2842575707	12735.6694401	30.8221816968	5	5.724733352661133	11.102702140808105	7.1435370445251465	8.73758602142334	8.208334922790527	0.0013958006165921688	6.896806240081787	0.0024978886358439922	0.353009968996048	0.03292994946241379
amyloiden	amyloiden	141	12	8	940,948	b5	9			0	0	0	0	0	1	0	0	0	0	ADJA	amyloiden	9.0	adja	amyloid	7.0	a-my-lo-i-den	5.0																													5	19.292110443115234	9.667255401611328	13.418670654296875	8.871761322021484	11.988334655761719	6.3792524337768555	8.661232948303223	6.866204261779785	4.7316219210624695	0.08325192104712187
Typ	Typ.	142	13	8	949,951	b5	3		$.	0	0	0	0	0	0	0	0	0	0	NN	Typ	3.0	nn	Typ	3.0	typ	1.0	19.9226675132	19.9226675132	27.9342449293	19.9226675132	0.428085856899	114.848339679	35.195803816	34.1718302032	319.780135104	42797.15985	237182.253273	9107.82280912	33354.3095403	8845.29649732	31065.3344635	8191.78885746	105.646545865	87.767648101	0.0371739543426	0.340077052867	0.0	0.0	2.25632180289	6.84937371039	0.0	0.0	13.0147257616	10.2740605656	5	7.7588629722595215	7.797292232513428	6.379471778869629	6.579742431640625	5.506545066833496	5.904654502868652	8.436875343322754	8.172032356262207	28.490617036819458	31.113038063049316
Eine	Eine	143	1	9	953,956	b5	4			0	0	0	1	0	0	0	0	0	0	ART	Eine	4.0	art	eine	4.0	ei-ne	2.0	400.881348726	402.745266738	17543.4333976	418.752071412	4.70894442589	1664.85968584	762.932673283	30417.7276523	27062.3036156	1631171.42743	3391959.69144	270950.550852	383709.620802	186734.099841	228115.822909	14903.9783425	3644.7281691	2977.8869754	0.0084152481915	0.0257485807386	4602.28334698	0.428085856899	4693.80335634	24.4008938433	5164.96585919	0.856171713799	5388.77499687	31.6783534106	5	4.816532611846924	4.370195388793945	4.840537071228027	3.2160942554473877	14.540894508361816	5.504342079162598	16.267831802368164	3.3960845470428467	0.24898865818977356	0.008580837398767471
Deletion	Deletion	144	2	9	957,964	b5	8			0	0	0	0	0	0	1	0	0	0	NN	Deletion	8.0	nn	Deletion	8.0	de-let-i-on	4.0	0.171676658916	0.171676658916	0.269777606868	16.407383545	37.6715554072	0.252136859888	0.32588707237	22485.7673305	59333.555938	2968528.74992	6637248.60658	349342.96931	700253.426827	247278.080879	345844.570587	19121.5915224	4739.26497064	119.781257449	5.87652380952e-06	0.159282127619	0.0	0.0	0.0	0.0	0.0	0.0	0.016350157992	0.856171713799	5	18.355878829956055	12.593130111694336	17.224124908447266	10.101140975952148	16.281696319580078	9.271113395690918	15.471732139587402	8.110990524291992	1.1395715475082397	1.8956375122070312
des	des	145	3	9	965,967	b5	3			0	0	0	0	0	0	0	0	0	0	ART	des	3.0	art	d	1.0	des	1.0	7101.07799289	7101.07799289	80100.3069113	7101.07799289	0.428085856899	7430.34719246	10967.4656073	9589.02430898	7300.14811771	1261615.62435	2602206.35451	326044.476501	328517.367443	261724.107647	165779.244685	110461.430317	53801.2331077	7725.99738151	0.121698304848	0.352013185599	44055.247282	1.2842575707	49782.1108458	35.9592119796	44055.247282	1.2842575707	54875.2749862	52.2264745417	5	6.7463250160217285	6.957104682922363	7.00010871887207	8.063597679138184	6.42363977432251	3.0543947219848633	7.494707107543945	2.544792890548706	0.25919124484062195	0.22801201045513153
codierenden	codierenden	146	4	9	968,978	b5	11			0	0	0	0	0	0	1	0	0	0	ADJA	codierenden	11.0	adja	codierend	9.0	co-die-ren-den	4.0	0.016350157992	0.016350157992	0.032700315984	0.0572255529719	2.1404292845	0.252136859888	0.0310368640353	66375.6409395	47469.156414	4667665.10269	9617299.37756	1041301.69265	1830032.79138	439851.140968	622684.697643	922.345112644	273.775220497	2.22362148691	1.19685e-05	0.000349839	0.0572255529719	0.428085856899	0.0654006319679	0.856171713799	0.0572255529719	0.428085856899	0.0735757109639	1.2842575707	5	15.800054550170898	15.87110424041748	13.66470718383789	10.680411338806152	7.108418941497803	4.011305809020996	7.906904697418213	2.4122631549835205	0.8613270707428455	0.6693878695368767
Gens	Gens	147	5	9	979,982	b5	4			0	0	0	0	0	0	1	0	0	0	NN	Gens	4.0	nn	Gen	3.0	gens	1.0	1.09546058546	1.11998582245	7.21041967447	32.9619185118	5.56511613969	2.52136859888	1.97084086624	234.82914416	868.158117792	1530718.76267	3382405.2432	285323.565989	636684.817507	100775.506796	211835.289686	15129.6759234	8582.12435428	817.982054181	0.00781865764964	0.220184499993	39.6900085255	2.5685151414	43.6140464436	21.404292845	47.9304881535	3.8527727121	52.5003573123	26.9694089847	5	7.790477275848389	4.205313205718994	4.610752105712891	2.307309150695801	0.29068097472190857	0.10124997049570084	1.8289804458618164	0.6547749042510986	2.7390910983085632	0.500985637307167
des	des	148	6	9	983,985	b5	3			0	0	0	0	0	0	0	0	0	0	ART	des	3.0	art	d	1.0	des	1.0	7101.07799289	7101.07799289	80100.3069113	7101.07799289	0.428085856899	7430.34719246	10967.4656073	9589.02430898	7300.14811771	1261615.62435	2602206.35451	326044.476501	328517.367443	261724.107647	165779.244685	110461.430317	53801.2331077	7725.99738151	0.121698304848	0.352013185599	44055.247282	1.2842575707	49782.1108458	35.9592119796	44055.247282	1.2842575707	54875.2749862	52.2264745417	5	8.326444625854492	1.051424264907837	8.24020767211914	0.15071971714496613	1.4956973791122437	0.3793562352657318	3.0424818992614746	1.1893322467803955	0.8027908205986023	0.770117998123169
zellulären	zellulären	149	7	9	986,995	b5	10			0	0	0	0	0	0	1	0	0	0	ADJA	zellulären	10.0	adja	zellulär	8.0	zel-lu-lä-ren	4.0	0.310653001848	0.310653001848	0.686706635663	1.35706311333	8.13363128109	1.76495801921	0.58970041667	10499.4910318	26857.2504902	3114941.76601	7221323.38462	508148.571302	1001507.2903	365170.772454	485734.894991	19838.2434724	986.037153102	4.37366726286	0.0263639825	0.129394272474	0.0	0.0	0.147151421928	1.2842575707	0.0	0.0	0.351528396828	1.7123434276	5	8.012307167053223	7.526303768157959	8.000048637390137	6.744503974914551	8.430075645446777	7.674256324768066	7.707050800323486	5.401556968688965	0.00290434475755319	0.00042446454722266935
Proteins	Proteins	150	8	9	996,1003	b5	8			0	0	0	0	0	0	1	0	0	0	NN	Proteins	8.0	nn	Protein	7.0	pro-teins	2.0	0.44962934478	0.44962934478	4.20199060394	257.122584582	133.99087321	1.00854743955	0.791440032899	2266.60605227	12864.8361715	2629942.6313	6124295.58472	351212.593526	750451.202493	129099.196139	227520.783568	10343.3797233	3039.31451897	1551.10678838	0.0234083255636	0.403798131982	1.97019403803	0.428085856899	2.03559467	1.2842575707	2.88580288559	0.856171713799	2.95120351755	1.7123434276	5	4.585907459259033	0.6002060174942017	3.6573498249053955	0.4986129701137543	5.720799446105957	0.8476669788360596	4.79824161529541	0.8459359407424927	0.168308824300766	0.032368455911637284
würde	würde	151	9	9	1004,1008	b5	5			0	0	0	0	0	0	0	0	0	0	VAFIN	würde	5.0	vafin	werden	6.0	wür-de	2.0	443.089281583	444.299193274	8998.09689884	447.307622345	5.99320199659	1406.41940445	795.536898952	16404.2688399	36257.5878218	1420595.0367	2861591.70883	288691.494158	302915.264685	185049.346861	195289.771317	34258.3961147	864.784381433	703.236645393	0.017095306751	0.266364239142	1350.62932616	0.428085856899	1772.47975252	9.41788885179	1350.62932616	0.428085856899	1973.18611695	13.2706615639	5	6.6325883865356445	9.19969654083252	3.8548402786254883	4.868705749511719	13.42089557647705	5.950037479400635	11.58353328704834	4.238211154937744	0.14783352613449097	0.29062578082084656
somit	somit	152	10	9	1009,1013	b5	5			0	0	0	0	0	0	0	0	0	0	ADV	somit	5.0	adv	somit	5.0	so-mit	2.0	38.4146962022	38.4146962022	44.2108272103	38.5454974661	2.9966009983	270.416782229	72.6572987065	17105.0611366	14530.9463266	1140181.7665	2884021.69539	201703.397065	239695.117253	165772.044609	118415.825478	48925.779496	8037.09183762	48.985073344	0.00284890741051	0.207550296933	0.0	0.0	30.9917244738	2.9966009983	0.0	0.0	31.4822292136	3.8527727121	5	1.1578887701034546	4.777721405029297	0.7559118270874023	10.14592456817627	6.059053421020508	3.3981001377105713	4.995432376861572	3.6361539363861084	0.5581356287002563	5.533812522888184
eine	eine	153	11	9	1014,1017	b5	4			0	0	0	0	0	0	0	0	0	0	ART	eine	4.0	art	eine	4.0	ei-ne	2.0	4544.81254164	4602.28334698	17543.4333976	4654.20327368	7.70554542419	6231.56249212	7847.29862895	30417.7276523	27062.3036156	2386639.00405	4952915.26469	382524.871022	493577.855975	268757.733063	229873.543438	45007.5949345	21503.4825387	20569.6023896	0.0243873860821	0.18682983564	0.0	0.0	517.016520944	29.1098382692	4999.44503476	0.428085856899	15385.972825	53.5107321124	5	3.5590946674346924	4.866532325744629	5.219792366027832	4.392162799835205	0.006307220086455345	0.6971111297607422	0.03172857314348221	1.8919453620910645	0.0020325970835983753	0.12056854367256165
Prioneninfektion	Prioneninfektion	154	12	9	1018,1033	b5	16			0	0	0	0	0	1	0	0	0	0	NN	Prioneninfektion	16.0	nn	Prioneninfektion	16.0	pri-o-nen-in-fek-ti-on	7.0																													5	22.463470458984375	19.34618377685547	13.517666816711426	9.823694229125977	14.790159225463867	6.367863655090332	13.730657577514648	4.891205787658691	3.762530534528196	1.9345359512371942
verhindern	verhindern.	155	13	9	1034,1043	b5	10		$.	0	0	0	0	0	0	0	0	0	0	VVINF	verhindern	10.0	vvinf	verhindern	10.0	ver-hin-dern	3.0	41.3004990878	42.1425322243	72.7827283013	1355.77962593	1024.40945556	378.709563551	79.3922982022	18986.5637426	45295.7645185	4002234.50252	8419980.47928	825414.697028	1365564.77367	322415.387258	423281.021242	23102.1601118	7335.96436261	7300.98319958	0.0160117080258	0.207681804801	0.0	0.0	29.7164121504	2.9966009983	0.0	0.0	29.7654626244	4.70894442589	5	3.5824029445648193	3.2019495964050293	5.836447715759277	5.716555595397949	1.6035033464431763	1.8116116523742676	1.5598859786987305	1.9447630643844604	30.15165424346924	29.88289976119995
